cert_episode_violation_rate,uncert_episode_violation_rate,cert_violation_rate,uncert_violation_rate,cert_time_to_first_violation,uncert_time_to_first_violation,cert_integrated_slack,uncert_integrated_slack,cert_max_violation,uncert_max_violation,num_corrections,total_correction_magnitude,max_correction,mean_correction,correction_rate,cert_mean_action_rate,cert_max_action_rate,uncert_mean_action_rate,uncert_max_action_rate,cert_control_effort_l1,uncert_control_effort_l1,cert_control_effort_l2,uncert_control_effort_l2,cert_compute_time_total,cert_compute_time_per_step,uncert_compute_time_total,uncert_compute_time_per_step,experiment,ablation,seed,horizon,cost_horizon,max_w,terminal_set
1.0,1.0,0.5483443708609271,0.5882352941176471,0,2,9.618475104528603,21.48483239016385,0.028279209757961304,1.674471430954604,707,6328.097574425254,18.9742207027868,8.950633061133537,0.9364238410596026,0.0890845290667328,1.80613256454693,0.06154900789260864,0.30612003803253174,139.95677313209515,25.110349655151367,46.660190431742805,15.290811538696289,2.892065943000489,0.003830550917881442,0.07277555300061067,0.0014269716274629544,baseline_h20_ch10_w0.001_tsfalse,baseline,42,20,10,0.001,False
1.0,1.0,0.5112582781456954,0.5892857142857143,0,2,8.512113054477187,22.1487448231686,0.028279209757961304,1.8118981123132398,698,5144.6611136313795,18.095744504782232,7.370574659047271,0.9245033112582781,0.09988816948421417,1.3134779169033484,0.11651836335659027,0.9538271427154541,141.9813101096879,25.227441787719727,46.16038518935608,16.29867172241211,2.101864427999317,0.002783926394701082,0.09880706100011594,0.0017644118035734988,baseline_h20_ch10_w0.002_tsfalse,baseline,42,20,10,0.002,False
1.0,1.0,0.08850931677018634,0.7083333333333334,0,2,1.1805062030766018,24.322889791258582,0.028279209757961304,1.7724057951793994,631,5965.713901349297,19.361080989759003,9.4543801921992,0.9798136645962733,0.05197897993273258,1.3424322429425364,0.1638021171092987,0.9611397981643677,55.243144411242525,11.760767936706543,20.991986588983448,6.201303005218506,1.9921780900003796,0.0030934442391310243,0.1081913349989918,0.002253986145812329,baseline_h20_ch10_w0.005_tsfalse,baseline,42,20,10,0.005,False
1.0,1.0,0.5483443708609271,0.5882352941176471,0,2,9.618475104528603,21.48483239016385,0.028279209757961304,1.674471430954604,707,6328.097574425254,18.9742207027868,8.950633061133537,0.9364238410596026,0.0890845290667328,1.80613256454693,0.06154900789260864,0.30612003803253174,139.95677313209515,25.110349655151367,46.660190431742805,15.290811538696289,1.9094481240008463,0.0025290703629150283,0.06715615999928559,0.001316787450966384,baseline_h20_ch6_w0.001_tsfalse,baseline,42,20,6,0.001,False
1.0,1.0,0.5112582781456954,0.5892857142857143,0,2,8.512113054477187,22.1487448231686,0.028279209757961304,1.8118981123132398,698,5144.6611136313795,18.095744504782232,7.370574659047271,0.9245033112582781,0.09988816948421417,1.3134779169033484,0.11651836335659027,0.9538271427154541,141.9813101096879,25.227441787719727,46.16038518935608,16.29867172241211,2.3639342229998874,0.003131038705960116,0.09024884800055588,0.0016115865714384978,baseline_h20_ch6_w0.002_tsfalse,baseline,42,20,6,0.002,False
1.0,1.0,0.08850931677018634,0.7083333333333334,0,2,1.1805062030766018,24.322889791258582,0.028279209757961304,1.7724057951793994,631,5965.713901349297,19.361080989759003,9.4543801921992,0.9798136645962733,0.05197897993273258,1.3424322429425364,0.1638021171092987,0.9611397981643677,55.243144411242525,11.760767936706543,20.991986588983448,6.201303005218506,2.1962129570001707,0.0034102685667704515,0.10256318599931546,0.0021367330416524055,baseline_h20_ch6_w0.005_tsfalse,baseline,42,20,6,0.005,False
1.0,1.0,0.5483443708609271,0.5882352941176471,0,2,9.618475104528603,21.48483239016385,0.028279209757961304,1.674471430954604,707,6328.097574425254,18.9742207027868,8.950633061133537,0.9364238410596026,0.0890845290667328,1.80613256454693,0.06154900789260864,0.30612003803253174,139.95677313209515,25.110349655151367,46.660190431742805,15.290811538696289,2.0014283590007835,0.0026508984887427594,0.0787429219999467,0.001543978862744053,baseline_h20_ch8_w0.001_tsfalse,baseline,42,20,8,0.001,False
1.0,1.0,0.5112582781456954,0.5892857142857143,0,2,8.512113054477187,22.1487448231686,0.028279209757961304,1.8118981123132398,698,5144.6611136313795,18.095744504782232,7.370574659047271,0.9245033112582781,0.09988816948421417,1.3134779169033484,0.11651836335659027,0.9538271427154541,141.9813101096879,25.227441787719727,46.16038518935608,16.29867172241211,2.0387238200000866,0.0027002964503312406,0.09516087600059109,0.0016993013571534124,baseline_h20_ch8_w0.002_tsfalse,baseline,42,20,8,0.002,False
1.0,1.0,0.08850931677018634,0.7083333333333334,0,2,1.1805062030766018,24.322889791258582,0.028279209757961304,1.7724057951793994,631,5965.713901349297,19.361080989759003,9.4543801921992,0.9798136645962733,0.05197897993273258,1.3424322429425364,0.1638021171092987,0.9611397981643677,55.243144411242525,11.760767936706543,20.991986588983448,6.201303005218506,1.6982824799997616,0.0026370845962729217,0.0609632599989709,0.0012700679166452271,baseline_h20_ch8_w0.005_tsfalse,baseline,42,20,8,0.005,False
1.0,1.0,0.5748344370860927,0.6883116883116883,0,2,9.768207082394111,33.50085187518676,0.028279209757961304,1.8018652917443063,727,5841.1640858866995,16.396198441917186,8.03461359808588,0.9629139072847682,0.07718084913732251,1.048891747459432,0.07535986602306366,0.8728438019752502,133.09868935548403,16.058792114257812,38.62920529261146,6.761295795440674,1.9066180299996631,0.002525321894039289,0.0909989490010048,0.0011818045324805818,no_correction_bonus_h20_ch10_w0.001_tsfalse,no_correction_bonus,42,20,10,0.001,False
1.0,1.0,0.07947019867549669,0.6744186046511628,0,2,1.2700995903634662,21.996300363193768,0.028279209757961304,1.8504702676613778,742,5633.399840756491,17.96950232970409,7.592183073752849,0.9827814569536424,0.07227631424248693,1.6403297234906393,0.04714519903063774,0.30374979972839355,96.50802967005524,24.835725784301758,31.220741712968415,16.536890029907227,1.9581556810007896,0.0025935836834447543,0.05524664699987625,0.0012848057441831686,no_correction_bonus_h20_ch10_w0.002_tsfalse,no_correction_bonus,42,20,10,0.002,False
1.0,1.0,0.4728476821192053,0.6352941176470588,0,2,6.545035153241692,31.271615645916157,0.028279209757961304,1.6983557739869704,725,5572.210018848526,17.49489703623209,7.685806922453666,0.9602649006622517,0.0851580804114833,1.0711603099110971,0.07209153473377228,0.8039764165878296,119.3776716266529,13.285137176513672,36.38276674572252,3.7529497146606445,2.106446952000624,0.002789995962914734,0.08528585499880137,0.0010033629999858984,no_correction_bonus_h20_ch10_w0.005_tsfalse,no_correction_bonus,42,20,10,0.005,False
1.0,1.0,0.5748344370860927,0.6883116883116883,0,2,9.768207082394111,33.50085187518676,0.028279209757961304,1.8018652917443063,727,5841.1640858866995,16.396198441917186,8.03461359808588,0.9629139072847682,0.07718084913732251,1.048891747459432,0.07535986602306366,0.8728438019752502,133.09868935548403,16.058792114257812,38.62920529261146,6.761295795440674,2.250501004000398,0.002980796031788607,0.07979725799850712,0.001036328025954638,no_correction_bonus_h20_ch6_w0.001_tsfalse,no_correction_bonus,42,20,6,0.001,False
1.0,1.0,0.07947019867549669,0.6744186046511628,0,2,1.2700995903634662,21.996300363193768,0.028279209757961304,1.8504702676613778,742,5633.399840756491,17.96950232970409,7.592183073752849,0.9827814569536424,0.07227631424248693,1.6403297234906393,0.04714519903063774,0.30374979972839355,96.50802967005524,24.835725784301758,31.220741712968415,16.536890029907227,2.466064799000378,0.003266310992053481,0.06233296199934557,0.0014496037674266412,no_correction_bonus_h20_ch6_w0.002_tsfalse,no_correction_bonus,42,20,6,0.002,False
1.0,1.0,0.4728476821192053,0.6352941176470588,0,2,6.545035153241692,31.271615645916157,0.028279209757961304,1.6983557739869704,725,5572.210018848526,17.49489703623209,7.685806922453666,0.9602649006622517,0.0851580804114833,1.0711603099110971,0.07209153473377228,0.8039764165878296,119.3776716266529,13.285137176513672,36.38276674572252,3.7529497146606445,2.3793211270003667,0.0031514187112587637,0.10445216300104221,0.0012288489764828495,no_correction_bonus_h20_ch6_w0.005_tsfalse,no_correction_bonus,42,20,6,0.005,False
1.0,1.0,0.5748344370860927,0.6883116883116883,0,2,9.768207082394111,33.50085187518676,0.028279209757961304,1.8018652917443063,727,5841.1640858866995,16.396198441917186,8.03461359808588,0.9629139072847682,0.07718084913732251,1.048891747459432,0.07535986602306366,0.8728438019752502,133.09868935548403,16.058792114257812,38.62920529261146,6.761295795440674,2.239435137000328,0.00296613925430507,0.09449892299926432,0.001227258740250186,no_correction_bonus_h20_ch8_w0.001_tsfalse,no_correction_bonus,42,20,8,0.001,False
1.0,1.0,0.07947019867549669,0.6744186046511628,0,2,1.2700995903634662,21.996300363193768,0.028279209757961304,1.8504702676613778,742,5633.399840756491,17.96950232970409,7.592183073752849,0.9827814569536424,0.07227631424248693,1.6403297234906393,0.04714519903063774,0.30374979972839355,96.50802967005524,24.835725784301758,31.220741712968415,16.536890029907227,1.8935761929988075,0.002508047937746765,0.07433282000056352,0.0017286702325712445,no_correction_bonus_h20_ch8_w0.002_tsfalse,no_correction_bonus,42,20,8,0.002,False
1.0,1.0,0.4728476821192053,0.6352941176470588,0,2,6.545035153241692,31.271615645916157,0.028279209757961304,1.6983557739869704,725,5572.210018848526,17.49489703623209,7.685806922453666,0.9602649006622517,0.0851580804114833,1.0711603099110971,0.07209153473377228,0.8039764165878296,119.3776716266529,13.285137176513672,36.38276674572252,3.7529497146606445,1.9214972349982418,0.002545029450328797,0.09839375199953793,0.0011575735529357402,no_correction_bonus_h20_ch8_w0.005_tsfalse,no_correction_bonus,42,20,8,0.005,False
1.0,1.0,0.2980132450331126,0.6274509803921569,0,2,3.1931298022844565,24.086488442302947,0.028279209757961304,1.8441878492976407,574,3194.9461374953726,19.038066687734467,5.566108248912816,0.7602649006622516,0.18364149317427278,1.697163260641391,0.17523297667503357,1.0667898654937744,190.18521714531832,33.74870681762695,73.76138185452491,30.945051193237305,2.000630259999525,0.002649841403972881,0.07518202199935331,0.001474157294104967,no_correction_mag_h20_ch10_w0.001_tsfalse,no_correction_mag,42,20,10,0.001,False
1.0,1.0,0.5483443708609271,0.6607142857142857,0,3,9.255553120222107,25.7513728300735,0.028279209757961304,1.8643471251816879,703,5581.328145560115,19.31760933958411,7.939300349008509,0.9311258278145695,0.09158369096878079,1.363583366039663,0.08615373820066452,0.805701494216919,142.14917047813498,23.07131576538086,47.163332964646294,12.831538200378418,1.9135768199994345,0.002534538834436337,0.06265972099936334,0.0011189235892743454,no_correction_mag_h20_ch10_w0.002_tsfalse,no_correction_mag,42,20,10,0.002,False
1.0,1.0,0.3509933774834437,0.6744186046511628,0,2,4.62675280768795,20.530618552721076,0.028279209757961304,1.7925292900223002,704,4192.712807428646,19.76885328009874,5.9555579649088095,0.9324503311258279,0.1356877459325807,1.64730403978075,0.2920598089694977,1.333715796470642,147.18179428726125,44.393646240234375,52.8036495370166,59.47770309448242,1.9116818149996107,0.0025320288940392194,0.06521418900047138,0.0015166090465225902,no_correction_mag_h20_ch10_w0.005_tsfalse,no_correction_mag,42,20,10,0.005,False
1.0,1.0,0.2980132450331126,0.6274509803921569,0,2,3.1931298022844565,24.086488442302947,0.028279209757961304,1.8441878492976407,574,3194.9461374953726,19.038066687734467,5.566108248912816,0.7602649006622516,0.18364149317427278,1.697163260641391,0.17523297667503357,1.0667898654937744,190.18521714531832,33.74870681762695,73.76138185452491,30.945051193237305,2.243272439000066,0.002971221773510021,0.06319909100056975,0.0012391978627562697,no_correction_mag_h20_ch6_w0.001_tsfalse,no_correction_mag,42,20,6,0.001,False
1.0,1.0,0.5483443708609271,0.6607142857142857,0,3,9.255553120222107,25.7513728300735,0.028279209757961304,1.8643471251816879,703,5581.328145560115,19.31760933958411,7.939300349008509,0.9311258278145695,0.09158369096878079,1.363583366039663,0.08615373820066452,0.805701494216919,142.14917047813498,23.07131576538086,47.163332964646294,12.831538200378418,2.1869450050016894,0.002896615900664489,0.06711746400105767,0.00119852614287603,no_correction_mag_h20_ch6_w0.002_tsfalse,no_correction_mag,42,20,6,0.002,False
1.0,1.0,0.3509933774834437,0.6744186046511628,0,2,4.62675280768795,20.530618552721076,0.028279209757961304,1.7925292900223002,704,4192.712807428646,19.76885328009874,5.9555579649088095,0.9324503311258279,0.1356877459325807,1.64730403978075,0.2920598089694977,1.333715796470642,147.18179428726125,44.393646240234375,52.8036495370166,59.47770309448242,2.123235234999811,0.002812232099337498,0.06951187800041225,0.0016165553023351686,no_correction_mag_h20_ch6_w0.005_tsfalse,no_correction_mag,42,20,6,0.005,False
1.0,1.0,0.2980132450331126,0.6274509803921569,0,2,3.1931298022844565,24.086488442302947,0.028279209757961304,1.8441878492976407,574,3194.9461374953726,19.038066687734467,5.566108248912816,0.7602649006622516,0.18364149317427278,1.697163260641391,0.17523297667503357,1.0667898654937744,190.18521714531832,33.74870681762695,73.76138185452491,30.945051193237305,1.9700740110001789,0.0026093695509936143,0.08585746599965205,0.0016834797254833736,no_correction_mag_h20_ch8_w0.001_tsfalse,no_correction_mag,42,20,8,0.001,False
1.0,1.0,0.5483443708609271,0.6607142857142857,0,3,9.255553120222107,25.7513728300735,0.028279209757961304,1.8643471251816879,703,5581.328145560115,19.31760933958411,7.939300349008509,0.9311258278145695,0.09158369096878079,1.363583366039663,0.08615373820066452,0.805701494216919,142.14917047813498,23.07131576538086,47.163332964646294,12.831538200378418,1.8427665189992695,0.002440750356290423,0.07040208500075096,0.0012571800892991242,no_correction_mag_h20_ch8_w0.002_tsfalse,no_correction_mag,42,20,8,0.002,False
1.0,1.0,0.3509933774834437,0.6744186046511628,0,2,4.62675280768795,20.530618552721076,0.028279209757961304,1.7925292900223002,704,4192.712807428646,19.76885328009874,5.9555579649088095,0.9324503311258279,0.1356877459325807,1.64730403978075,0.2920598089694977,1.333715796470642,147.18179428726125,44.393646240234375,52.8036495370166,59.47770309448242,1.8911907729998347,0.0025048884410593837,0.05166015999930096,0.001201399069751185,no_correction_mag_h20_ch8_w0.005_tsfalse,no_correction_mag,42,20,8,0.005,False
1.0,1.0,0.5708609271523178,0.6507936507936508,0,3,9.895898096494523,28.382641543230218,0.028279209757961304,1.7998556444995264,709,5853.756833397659,16.624666978130513,8.25635660521078,0.9390728476821192,0.08292517351733013,1.3347639012090657,0.05266210064291954,0.4790026545524597,138.20382340524208,11.337895393371582,43.556207379455486,3.227844476699829,1.9123596200006432,0.0025329266490074745,0.08544260999951803,0.0013562319047542544,no_stability_penalty_h20_ch10_w0.001_tsfalse,no_stability_penalty,42,20,10,0.001,False
1.0,1.0,0.4847682119205298,0.6363636363636364,0,2,8.082866286920611,23.30820008665292,0.028279209757961304,1.8147758213852754,693,5079.235093719776,16.446448788521128,7.3293435680349175,0.9178807947019868,0.10355445293400675,1.5220584491176283,0.0796029269695282,0.6392834186553955,142.52044819028941,20.955753326416016,47.246757800917464,10.37912654876709,1.9620594030002394,0.0025987541761592573,0.09528772400153684,0.0017325040727552154,no_stability_penalty_h20_ch10_w0.002_tsfalse,no_stability_penalty,42,20,10,0.002,False
1.0,1.0,0.5708609271523178,0.6091954022988506,0,2,8.26390343316435,30.87956900841153,0.028279209757961304,1.6962794424941556,726,5788.477896659,17.34666208860389,7.973110050486097,0.9615894039735099,0.0700752608876506,1.0431384869929168,0.06589893251657486,0.7446856498718262,120.05021764540938,13.09354305267334,35.7863157068705,3.6174473762512207,2.252212130000771,0.002983062423842081,0.09000876599930052,0.0010345835172333394,no_stability_penalty_h20_ch10_w0.005_tsfalse,no_stability_penalty,42,20,10,0.005,False
1.0,1.0,0.5708609271523178,0.6507936507936508,0,3,9.895898096494523,28.382641543230218,0.028279209757961304,1.7998556444995264,709,5853.756833397659,16.624666978130513,8.25635660521078,0.9390728476821192,0.08292517351733013,1.3347639012090657,0.05266210064291954,0.4790026545524597,138.20382340524208,11.337895393371582,43.556207379455486,3.227844476699829,2.059313096999176,0.0027275670158929486,0.07168251799885184,0.0011378177460135213,no_stability_penalty_h20_ch6_w0.001_tsfalse,no_stability_penalty,42,20,6,0.001,False
1.0,1.0,0.4847682119205298,0.6363636363636364,0,2,8.082866286920611,23.30820008665292,0.028279209757961304,1.8147758213852754,693,5079.235093719776,16.446448788521128,7.3293435680349175,0.9178807947019868,0.10355445293400675,1.5220584491176283,0.0796029269695282,0.6392834186553955,142.52044819028941,20.955753326416016,47.246757800917464,10.37912654876709,2.2996215889997984,0.003045856409271256,0.0682498679998389,0.0012409066909061619,no_stability_penalty_h20_ch6_w0.002_tsfalse,no_stability_penalty,42,20,6,0.002,False
1.0,1.0,0.5708609271523178,0.6091954022988506,0,2,8.26390343316435,30.87956900841153,0.028279209757961304,1.6962794424941556,726,5788.477896659,17.34666208860389,7.973110050486097,0.9615894039735099,0.0700752608876506,1.0431384869929168,0.06589893251657486,0.7446856498718262,120.05021764540938,13.09354305267334,35.7863157068705,3.6174473762512207,2.3137422399995557,0.0030645592582775574,0.09341845900053158,0.001073775390810708,no_stability_penalty_h20_ch6_w0.005_tsfalse,no_stability_penalty,42,20,6,0.005,False
1.0,1.0,0.5708609271523178,0.6507936507936508,0,3,9.895898096494523,28.382641543230218,0.028279209757961304,1.7998556444995264,709,5853.756833397659,16.624666978130513,8.25635660521078,0.9390728476821192,0.08292517351733013,1.3347639012090657,0.05266210064291954,0.4790026545524597,138.20382340524208,11.337895393371582,43.556207379455486,3.227844476699829,2.1471078310005396,0.002843851431788794,0.09194837699942582,0.0014594980476099336,no_stability_penalty_h20_ch8_w0.001_tsfalse,no_stability_penalty,42,20,8,0.001,False
1.0,1.0,0.4847682119205298,0.6363636363636364,0,2,8.082866286920611,23.30820008665292,0.028279209757961304,1.8147758213852754,693,5079.235093719776,16.446448788521128,7.3293435680349175,0.9178807947019868,0.10355445293400675,1.5220584491176283,0.0796029269695282,0.6392834186553955,142.52044819028941,20.955753326416016,47.246757800917464,10.37912654876709,1.9314994759988622,0.002558277451654122,0.08124014099848864,0.0014770934726997934,no_stability_penalty_h20_ch8_w0.002_tsfalse,no_stability_penalty,42,20,8,0.002,False
1.0,1.0,0.5708609271523178,0.6091954022988506,0,2,8.26390343316435,30.87956900841153,0.028279209757961304,1.6962794424941556,726,5788.477896659,17.34666208860389,7.973110050486097,0.9615894039735099,0.0700752608876506,1.0431384869929168,0.06589893251657486,0.7446856498718262,120.05021764540938,13.09354305267334,35.7863157068705,3.6174473762512207,1.962753255998905,0.0025996731867535166,0.0868458320001082,0.0009982279540242322,no_stability_penalty_h20_ch8_w0.005_tsfalse,no_stability_penalty,42,20,8,0.005,False
1.0,1.0,0.5774834437086093,0.5,0,2,9.897025972300256,21.011738896222262,0.028279209757961304,1.7374271536383632,716,5905.986602187029,18.746163459635856,8.248584639446756,0.9483443708609272,0.09174379134506307,1.467288959289778,0.0861411839723587,0.8529765605926514,147.24899849908357,25.277666091918945,48.66243452226814,15.002911567687988,1.9087760969996452,0.0025281802609266823,0.11699353299991344,0.0018869924677405393,no_velocity_h20_ch10_w0.001_tsfalse,no_velocity,42,20,10,0.001,False
1.0,1.0,0.2781456953642384,0.5396825396825397,0,2,3.2926071701292696,24.27964715843664,0.028279209757961304,1.8767190276522279,572,3291.2179625366407,19.209253927497457,5.753877552684899,0.7576158940397351,0.20016699678274563,1.630836039967292,0.11504314094781876,0.918937087059021,202.3034849025928,28.595643997192383,85.90377577573094,19.63065528869629,1.8681970599991473,0.002474433192051851,0.0718316060010693,0.0011401842222391954,no_velocity_h20_ch10_w0.002_tsfalse,no_velocity,42,20,10,0.002,False
1.0,1.0,0.5668874172185431,0.6140350877192983,0,2,9.526461488615405,24.71010838931389,0.028279209757961304,1.830147194185805,721,6366.446682458841,17.175816618354993,8.830023135975102,0.9549668874172186,0.08052953539515631,1.729226603867927,0.09247251600027084,0.7797598838806152,135.77453327174211,16.01691436767578,43.49965024752708,7.471522808074951,1.9025055420006538,0.0025198748900670913,0.06697229299970786,0.0011749525087668047,no_velocity_h20_ch10_w0.005_tsfalse,no_velocity,42,20,10,0.005,False
1.0,1.0,0.5774834437086093,0.5,0,2,9.897025972300256,21.011738896222262,0.028279209757961304,1.7374271536383632,716,5905.986602187029,18.746163459635856,8.248584639446756,0.9483443708609272,0.09174379134506307,1.467288959289778,0.0861411839723587,0.8529765605926514,147.24899849908357,25.277666091918945,48.66243452226814,15.002911567687988,2.2497261110002,0.0029797696834439735,0.08400108400019235,0.0013548561935514895,no_velocity_h20_ch6_w0.001_tsfalse,no_velocity,42,20,6,0.001,False
1.0,1.0,0.2781456953642384,0.5396825396825397,0,2,3.2926071701292696,24.27964715843664,0.028279209757961304,1.8767190276522279,572,3291.2179625366407,19.209253927497457,5.753877552684899,0.7576158940397351,0.20016699678274563,1.630836039967292,0.11504314094781876,0.918937087059021,202.3034849025928,28.595643997192383,85.90377577573094,19.63065528869629,2.1852387609997095,0.0028943559748340524,0.07474637899940717,0.0011864504603080503,no_velocity_h20_ch6_w0.002_tsfalse,no_velocity,42,20,6,0.002,False
1.0,1.0,0.5668874172185431,0.6140350877192983,0,2,9.526461488615405,24.71010838931389,0.028279209757961304,1.830147194185805,721,6366.446682458841,17.175816618354993,8.830023135975102,0.9549668874172186,0.08052953539515631,1.729226603867927,0.09247251600027084,0.7797598838806152,135.77453327174211,16.01691436767578,43.49965024752708,7.471522808074951,2.294694983000227,0.0030393311033115587,0.08343578899985005,0.0014637857719271938,no_velocity_h20_ch6_w0.005_tsfalse,no_velocity,42,20,6,0.005,False
1.0,1.0,0.5774834437086093,0.5,0,2,9.897025972300256,21.011738896222262,0.028279209757961304,1.7374271536383632,716,5905.986602187029,18.746163459635856,8.248584639446756,0.9483443708609272,0.09174379134506307,1.467288959289778,0.0861411839723587,0.8529765605926514,147.24899849908357,25.277666091918945,48.66243452226814,15.002911567687988,2.017541410999911,0.002672240279470081,0.15040269100063597,0.002425849854848967,no_velocity_h20_ch8_w0.001_tsfalse,no_velocity,42,20,8,0.001,False
1.0,1.0,0.2781456953642384,0.5396825396825397,0,2,3.2926071701292696,24.27964715843664,0.028279209757961304,1.8767190276522279,572,3291.2179625366407,19.209253927497457,5.753877552684899,0.7576158940397351,0.20016699678274563,1.630836039967292,0.11504314094781876,0.918937087059021,202.3034849025928,28.595643997192383,85.90377577573094,19.63065528869629,1.8039257879991055,0.002389305679469014,0.0860988679996808,0.001366648698407632,no_velocity_h20_ch8_w0.002_tsfalse,no_velocity,42,20,8,0.002,False
1.0,1.0,0.5668874172185431,0.6140350877192983,0,2,9.526461488615405,24.71010838931389,0.028279209757961304,1.830147194185805,721,6366.446682458841,17.175816618354993,8.830023135975102,0.9549668874172186,0.08052953539515631,1.729226603867927,0.09247251600027084,0.7797598838806152,135.77453327174211,16.01691436767578,43.49965024752708,7.471522808074951,1.856115877000775,0.0024584316251665896,0.06849069400050212,0.0012015911228158266,no_velocity_h20_ch8_w0.005_tsfalse,no_velocity,42,20,8,0.005,False
1.0,1.0,0.29271523178807946,0.6744186046511628,0,2,3.2606081510339204,21.66609771814518,0.028279209757961304,1.8004733289737989,636,3313.813502593396,19.493165548176215,5.210398587427333,0.8423841059602649,0.19889689050265352,1.6611857952294449,0.12253838777542114,0.6114459037780762,202.78210929795944,33.616336822509766,91.23957243321226,31.168716430664062,1.9884135170013906,0.0026336602874190602,0.05710347999956866,0.001327987906966713,state_only_h20_ch10_w0.001_tsfalse,state_only,42,20,10,0.001,False
1.0,1.0,0.5788079470198676,0.625,0,3,10.080392025434566,24.36331196547394,0.028279209757961304,1.8612790994567796,699,6058.571635271555,18.200828986946824,8.667484456191238,0.9258278145695364,0.08283330532762137,1.28977148962228,0.05914664268493652,0.5165519118309021,144.80396046815372,16.426794052124023,47.09391300682263,7.1601643562316895,2.017627081999308,0.0026723537509924606,0.0686731610003335,0.0012263064464345266,state_only_h20_ch10_w0.002_tsfalse,state_only,42,20,10,0.002,False
1.0,1.0,0.5496688741721855,0.6333333333333333,0,2,9.133835068968068,26.087275880076533,0.028279209757961304,1.8036661376936285,725,5668.580492919713,16.851924723371752,7.818731712988123,0.9602649006622517,0.07416032713093572,1.0123658054194942,0.0401916541159153,0.7364178895950317,126.37637834823387,16.467849731445312,38.92648060647964,5.755087375640869,2.1302440729996306,0.0028215153284763318,0.09536637600103859,0.0015894396000173097,state_only_h20_ch10_w0.005_tsfalse,state_only,42,20,10,0.005,False
1.0,1.0,0.29271523178807946,0.6744186046511628,0,2,3.2606081510339204,21.66609771814518,0.028279209757961304,1.8004733289737989,636,3313.813502593396,19.493165548176215,5.210398587427333,0.8423841059602649,0.19889689050265352,1.6611857952294449,0.12253838777542114,0.6114459037780762,202.78210929795944,33.616336822509766,91.23957243321226,31.168716430664062,2.536167915999613,0.003359162802648494,0.08406051899874001,0.0019548957906683723,state_only_h20_ch6_w0.001_tsfalse,state_only,42,20,6,0.001,False
1.0,1.0,0.5788079470198676,0.625,0,3,10.080392025434566,24.36331196547394,0.028279209757961304,1.8612790994567796,699,6058.571635271555,18.200828986946824,8.667484456191238,0.9258278145695364,0.08283330532762137,1.28977148962228,0.05914664268493652,0.5165519118309021,144.80396046815372,16.426794052124023,47.09391300682263,7.1601643562316895,9.231076083000517,0.01222659083841128,0.3560226469999179,0.006357547267855678,state_only_h20_ch6_w0.002_tsfalse,state_only,42,20,6,0.002,False
1.0,1.0,0.5496688741721855,0.6333333333333333,0,2,9.133835068968068,26.087275880076533,0.028279209757961304,1.8036661376936285,725,5668.580492919713,16.851924723371752,7.818731712988123,0.9602649006622517,0.07416032713093572,1.0123658054194942,0.0401916541159153,0.7364178895950317,126.37637834823387,16.467849731445312,38.92648060647964,5.755087375640869,2.2136877670000104,0.0029320367774834572,0.0758336689996213,0.0012638944833270216,state_only_h20_ch6_w0.005_tsfalse,state_only,42,20,6,0.005,False
1.0,1.0,0.29271523178807946,0.6744186046511628,0,2,3.2606081510339204,21.66609771814518,0.028279209757961304,1.8004733289737989,636,3313.813502593396,19.493165548176215,5.210398587427333,0.8423841059602649,0.19889689050265352,1.6611857952294449,0.12253838777542114,0.6114459037780762,202.78210929795944,33.616336822509766,91.23957243321226,31.168716430664062,1.9285218919994804,0.0025543336317873913,0.05708655099988391,0.0013275942092996259,state_only_h20_ch8_w0.001_tsfalse,state_only,42,20,8,0.001,False
1.0,1.0,0.5788079470198676,0.625,0,3,10.080392025434566,24.36331196547394,0.028279209757961304,1.8612790994567796,699,6058.571635271555,18.200828986946824,8.667484456191238,0.9258278145695364,0.08283330532762137,1.28977148962228,0.05914664268493652,0.5165519118309021,144.80396046815372,16.426794052124023,47.09391300682263,7.1601643562316895,1.917242659999829,0.0025393942516554026,0.06727606300046318,0.001201358267865414,state_only_h20_ch8_w0.002_tsfalse,state_only,42,20,8,0.002,False
1.0,1.0,0.5496688741721855,0.6333333333333333,0,2,9.133835068968068,26.087275880076533,0.028279209757961304,1.8036661376936285,725,5668.580492919713,16.851924723371752,7.818731712988123,0.9602649006622517,0.07416032713093572,1.0123658054194942,0.0401916541159153,0.7364178895950317,126.37637834823387,16.467849731445312,38.92648060647964,5.755087375640869,1.99922939300086,0.0026479859509945165,0.08639922999827832,0.0014399871666379719,state_only_h20_ch8_w0.005_tsfalse,state_only,42,20,8,0.005,False
1.0,1.0,0.4543046357615894,0.5901639344262295,0,3,7.3948590940034755,20.02385985183658,0.028279209757961304,1.654851145117643,693,4986.909158148957,18.641279387193784,7.196117110649629,0.9178807947019868,0.11135888145628936,1.4475678357680617,0.1138278990983963,0.9386521577835083,145.91098488758362,30.996356964111328,48.0539332950857,21.953155517578125,1.9735418100008246,0.002613962662252748,0.06670507000126236,0.0010935257377256125,temp_30_h20_ch10_w0.001_tsfalse,temp_30,42,20,10,0.001,False
1.0,1.0,0.5708609271523178,0.6607142857142857,0,2,10.047200348369396,25.599668528158375,0.028279209757961304,1.8262261948872363,723,6095.229393549513,16.449803012428696,8.430469423706782,0.9576158940397351,0.07467931511931634,1.357326195072058,0.0477161705493927,0.4165670871734619,133.79215123065848,14.916951179504395,41.45377264411894,5.57858943939209,2.096196873999361,0.0027764197006614052,0.06798344300113968,0.00121399005359178,temp_30_h20_ch10_w0.002_tsfalse,temp_30,42,20,10,0.002,False
1.0,1.0,0.5549668874172186,0.5522388059701493,0,2,8.722158909442957,23.75228947983646,0.028279209757961304,1.618911790954041,732,5540.035051498141,16.861685481931424,7.568353894447794,0.9695364238410596,0.07905766694462271,1.2478144832224776,0.03318208083510399,0.46131864190101624,129.35742748084087,15.35158634185791,40.20238178403018,5.274047374725342,1.955210834999889,0.0025896832251654156,0.09007478800049284,0.0013443998209028783,temp_30_h20_ch10_w0.005_tsfalse,temp_30,42,20,10,0.005,False
1.0,1.0,0.4543046357615894,0.5901639344262295,0,3,7.3948590940034755,20.02385985183658,0.028279209757961304,1.654851145117643,693,4986.909158148957,18.641279387193784,7.196117110649629,0.9178807947019868,0.11135888145628936,1.4475678357680617,0.1138278990983963,0.9386521577835083,145.91098488758362,30.996356964111328,48.0539332950857,21.953155517578125,1.8573395300008997,0.0024600523576170856,0.07326904200090212,0.0012011318360803625,temp_30_h20_ch6_w0.001_tsfalse,temp_30,42,20,6,0.001,False
1.0,1.0,0.5708609271523178,0.6607142857142857,0,2,10.047200348369396,25.599668528158375,0.028279209757961304,1.8262261948872363,723,6095.229393549513,16.449803012428696,8.430469423706782,0.9576158940397351,0.07467931511931634,1.357326195072058,0.0477161705493927,0.4165670871734619,133.79215123065848,14.916951179504395,41.45377264411894,5.57858943939209,1.8111391860002186,0.0023988598490069122,0.06951817899971502,0.0012413960535663396,temp_30_h20_ch6_w0.002_tsfalse,temp_30,42,20,6,0.002,False
1.0,1.0,0.5549668874172186,0.5522388059701493,0,2,8.722158909442957,23.75228947983646,0.028279209757961304,1.618911790954041,732,5540.035051498141,16.861685481931424,7.568353894447794,0.9695364238410596,0.07905766694462271,1.2478144832224776,0.03318208083510399,0.46131864190101624,129.35742748084087,15.35158634185791,40.20238178403018,5.274047374725342,1.8179218369987211,0.0024078434927135377,0.07643238899981952,0.0011407819253704406,temp_30_h20_ch6_w0.005_tsfalse,temp_30,42,20,6,0.005,False
1.0,1.0,0.4543046357615894,0.5901639344262295,0,3,7.3948590940034755,20.02385985183658,0.028279209757961304,1.654851145117643,693,4986.909158148957,18.641279387193784,7.196117110649629,0.9178807947019868,0.11135888145628936,1.4475678357680617,0.1138278990983963,0.9386521577835083,145.91098488758362,30.996356964111328,48.0539332950857,21.953155517578125,1.931844620999982,0.0025587345973509695,0.07166886200138833,0.00117489937707194,temp_30_h20_ch8_w0.001_tsfalse,temp_30,42,20,8,0.001,False
1.0,1.0,0.5708609271523178,0.6607142857142857,0,2,10.047200348369396,25.599668528158375,0.028279209757961304,1.8262261948872363,723,6095.229393549513,16.449803012428696,8.430469423706782,0.9576158940397351,0.07467931511931634,1.357326195072058,0.0477161705493927,0.4165670871734619,133.79215123065848,14.916951179504395,41.45377264411894,5.57858943939209,1.8670235059998959,0.002472878815893902,0.07750392999878386,0.0013839987499782833,temp_30_h20_ch8_w0.002_tsfalse,temp_30,42,20,8,0.002,False
1.0,1.0,0.5549668874172186,0.5522388059701493,0,2,8.722158909442957,23.75228947983646,0.028279209757961304,1.618911790954041,732,5540.035051498141,16.861685481931424,7.568353894447794,0.9695364238410596,0.07905766694462271,1.2478144832224776,0.03318208083510399,0.46131864190101624,129.35742748084087,15.35158634185791,40.20238178403018,5.274047374725342,1.857188435998978,0.0024598522331112293,0.07091293600024073,0.0010584020298543392,temp_30_h20_ch8_w0.005_tsfalse,temp_30,42,20,8,0.005,False
1.0,1.0,0.18675496688741722,0.6530612244897959,0,2,1.513053609278486,21.156547420987344,0.028279209757961304,1.8152953194139865,608,3596.292746430913,19.093412940238473,5.91495517065955,0.8052980132450331,0.25649542509940443,1.5392626477144051,0.17487844824790955,0.8789142370223999,310.40145085066035,30.88405990600586,178.3118460369315,26.036108016967773,2.1273165669990703,0.0028176378370848615,0.07180999299998803,0.0014655100612242455,w_correction_10_h20_ch10_w0.001_tsfalse,w_correction_10,42,20,10,0.001,False
1.0,1.0,0.22913907284768212,0.5901639344262295,0,2,2.271365695610831,23.37900100201873,0.028279209757961304,1.9000543243845713,520,3129.3112978158892,19.467506908665275,6.017906337139161,0.6887417218543046,0.23881795356408753,1.6060741744535751,0.16804322600364685,1.1804988384246826,244.95652143620643,30.93135643005371,126.09290019082958,27.309097290039062,2.0807399780005653,0.0027559469907292257,0.07653510100135463,0.001254673786907453,w_correction_10_h20_ch10_w0.002_tsfalse,w_correction_10,42,20,10,0.002,False
1.0,1.0,0.28741721854304636,0.6744186046511628,0,2,3.0101567019729822,21.485614328878707,0.028279209757961304,1.8413749948664015,600,3934.7535196013887,19.7785390649884,6.5579225307416715,0.7947019867549668,0.23580660673884887,1.6030872353986463,0.23029904067516327,1.0685280561447144,269.75836726552586,41.106990814208984,144.25604392440425,49.196556091308594,1.881497099000626,0.0024920491377491733,0.05831335599941667,0.001356124558125969,w_correction_10_h20_ch10_w0.005_tsfalse,w_correction_10,42,20,10,0.005,False
1.0,1.0,0.18675496688741722,0.6530612244897959,0,2,1.513053609278486,21.156547420987344,0.028279209757961304,1.8152953194139865,608,3596.292746430913,19.093412940238473,5.91495517065955,0.8052980132450331,0.25649542509940443,1.5392626477144051,0.17487844824790955,0.8789142370223999,310.40145085066035,30.88405990600586,178.3118460369315,26.036108016967773,3.3151643889996194,0.0043909462105955225,0.1500868300008733,0.0030629965306300674,w_correction_10_h20_ch6_w0.001_tsfalse,w_correction_10,42,20,6,0.001,False
1.0,1.0,0.22913907284768212,0.5901639344262295,0,2,2.271365695610831,23.37900100201873,0.028279209757961304,1.9000543243845713,520,3129.3112978158892,19.467506908665275,6.017906337139161,0.6887417218543046,0.23881795356408753,1.6060741744535751,0.16804322600364685,1.1804988384246826,244.95652143620643,30.93135643005371,126.09290019082958,27.309097290039062,2.353507656000147,0.0031172286834439036,0.07479750600032276,0.0012261886229561108,w_correction_10_h20_ch6_w0.002_tsfalse,w_correction_10,42,20,6,0.002,False
1.0,1.0,0.28741721854304636,0.6744186046511628,0,2,3.0101567019729822,21.485614328878707,0.028279209757961304,1.8413749948664015,600,3934.7535196013887,19.7785390649884,6.5579225307416715,0.7947019867549668,0.23580660673884887,1.6030872353986463,0.23029904067516327,1.0685280561447144,269.75836726552586,41.106990814208984,144.25604392440425,49.196556091308594,2.323296366001159,0.0030772137298028597,0.06311527300022135,0.0014677970465167755,w_correction_10_h20_ch6_w0.005_tsfalse,w_correction_10,42,20,6,0.005,False
1.0,1.0,0.18675496688741722,0.6530612244897959,0,2,1.513053609278486,21.156547420987344,0.028279209757961304,1.8152953194139865,608,3596.292746430913,19.093412940238473,5.91495517065955,0.8052980132450331,0.25649542509940443,1.5392626477144051,0.17487844824790955,0.8789142370223999,310.40145085066035,30.88405990600586,178.3118460369315,26.036108016967773,2.227849521999815,0.002950794068873927,0.07631128799948783,0.0015573732244793435,w_correction_10_h20_ch8_w0.001_tsfalse,w_correction_10,42,20,8,0.001,False
1.0,1.0,0.22913907284768212,0.5901639344262295,0,2,2.271365695610831,23.37900100201873,0.028279209757961304,1.9000543243845713,520,3129.3112978158892,19.467506908665275,6.017906337139161,0.6887417218543046,0.23881795356408753,1.6060741744535751,0.16804322600364685,1.1804988384246826,244.95652143620643,30.93135643005371,126.09290019082958,27.309097290039062,2.1302509260003717,0.0028215244052985054,0.11914019399955578,0.0019531179344189473,w_correction_10_h20_ch8_w0.002_tsfalse,w_correction_10,42,20,8,0.002,False
1.0,1.0,0.28741721854304636,0.6744186046511628,0,2,3.0101567019729822,21.485614328878707,0.028279209757961304,1.8413749948664015,600,3934.7535196013887,19.7785390649884,6.5579225307416715,0.7947019867549668,0.23580660673884887,1.6030872353986463,0.23029904067516327,1.0685280561447144,269.75836726552586,41.106990814208984,144.25604392440425,49.196556091308594,1.983063318000859,0.0026265739311269656,0.08805222400042112,0.002047726139544677,w_correction_10_h20_ch8_w0.005_tsfalse,w_correction_10,42,20,8,0.005,False
1.0,1.0,0.31920529801324504,0.5737704918032787,0,2,3.638807864382618,23.305842024559258,0.028279209757961304,1.8173475778848913,532,3207.5969038380563,18.36751194507979,6.029317483202308,0.704635761589404,0.19791220005796134,1.506960811163944,0.10574866831302643,0.7724940776824951,208.96524016305864,23.26250648498535,85.38279942609356,13.602291107177734,3.223808087999714,0.00426994448741684,0.07415036500060523,0.0012155797541082826,baseline_h30_ch10_w0.001_tsfalse,baseline,42,30,10,0.001,False
1.0,1.0,0.5443708609271524,0.6666666666666666,0,2,9.285211954087465,23.88235539045817,0.028279209757961304,1.7984779549000145,713,5335.694658674134,18.626482320904564,7.48344271731196,0.9443708609271523,0.0804274314424068,1.7309646079314533,0.08323182910680771,0.7616970539093018,133.62953519163037,26.83421516418457,46.01075209440396,19.35515022277832,2.7363030340002297,0.003624242429139377,0.07752180100033002,0.001520035313731961,baseline_h30_ch10_w0.002_tsfalse,baseline,42,30,10,0.002,False
1.0,1.0,0.6211920529801325,0.5205479452054794,0,3,10.402573480253121,27.110117721124332,0.028279209757961304,1.8075626084517724,715,6216.5393797082415,15.063687610136519,8.69446067058594,0.9470198675496688,0.07732226267987087,1.3511261838774131,0.08071871846914291,0.8091143369674683,142.3317169503992,14.233587265014648,44.73087477995332,4.838227272033691,2.6819448139995075,0.0035522447867543144,0.08479248100047698,0.0011615408356229723,baseline_h30_ch10_w0.005_tsfalse,baseline,42,30,10,0.005,False
1.0,1.0,0.31920529801324504,0.5737704918032787,0,2,3.638807864382618,23.305842024559258,0.028279209757961304,1.8173475778848913,532,3207.5969038380563,18.36751194507979,6.029317483202308,0.704635761589404,0.19791220005796134,1.506960811163944,0.10574866831302643,0.7724940776824951,208.96524016305864,23.26250648498535,85.38279942609356,13.602291107177734,2.568047775001105,0.003401387781458417,0.0883500420004566,0.0014483613442697802,baseline_h30_ch6_w0.001_tsfalse,baseline,42,30,6,0.001,False
1.0,1.0,0.5443708609271524,0.6666666666666666,0,2,9.285211954087465,23.88235539045817,0.028279209757961304,1.7984779549000145,713,5335.694658674134,18.626482320904564,7.48344271731196,0.9443708609271523,0.0804274314424068,1.7309646079314533,0.08323182910680771,0.7616970539093018,133.62953519163037,26.83421516418457,46.01075209440396,19.35515022277832,2.494634713000778,0.0033041519377493746,0.08490548800000397,0.0016648134901961562,baseline_h30_ch6_w0.002_tsfalse,baseline,42,30,6,0.002,False
1.0,1.0,0.6211920529801325,0.5205479452054794,0,3,10.402573480253121,27.110117721124332,0.028279209757961304,1.8075626084517724,715,6216.5393797082415,15.063687610136519,8.69446067058594,0.9470198675496688,0.07732226267987087,1.3511261838774131,0.08071871846914291,0.8091143369674683,142.3317169503992,14.233587265014648,44.73087477995332,4.838227272033691,2.6563913019999745,0.003518399075496655,0.16658552099943336,0.0022819934383484022,baseline_h30_ch6_w0.005_tsfalse,baseline,42,30,6,0.005,False
1.0,1.0,0.31920529801324504,0.5737704918032787,0,2,3.638807864382618,23.305842024559258,0.028279209757961304,1.8173475778848913,532,3207.5969038380563,18.36751194507979,6.029317483202308,0.704635761589404,0.19791220005796134,1.506960811163944,0.10574866831302643,0.7724940776824951,208.96524016305864,23.26250648498535,85.38279942609356,13.602291107177734,2.4315952229990216,0.0032206559245020155,0.09986188299990317,0.0016370800491787405,baseline_h30_ch8_w0.001_tsfalse,baseline,42,30,8,0.001,False
1.0,1.0,0.5443708609271524,0.6666666666666666,0,2,9.285211954087465,23.88235539045817,0.028279209757961304,1.7984779549000145,713,5335.694658674134,18.626482320904564,7.48344271731196,0.9443708609271523,0.0804274314424068,1.7309646079314533,0.08323182910680771,0.7616970539093018,133.62953519163037,26.83421516418457,46.01075209440396,19.35515022277832,2.4878565010003513,0.003295174173510399,0.09375341499981005,0.0018383022548982362,baseline_h30_ch8_w0.002_tsfalse,baseline,42,30,8,0.002,False
1.0,1.0,0.6211920529801325,0.5205479452054794,0,3,10.402573480253121,27.110117721124332,0.028279209757961304,1.8075626084517724,715,6216.5393797082415,15.063687610136519,8.69446067058594,0.9470198675496688,0.07732226267987087,1.3511261838774131,0.08071871846914291,0.8091143369674683,142.3317169503992,14.233587265014648,44.73087477995332,4.838227272033691,2.387919236000016,0.0031628069350993593,0.09986432699952275,0.001368004479445517,baseline_h30_ch8_w0.005_tsfalse,baseline,42,30,8,0.005,False
1.0,1.0,0.39072847682119205,0.6363636363636364,0,2,5.692602962915043,19.890534662360867,0.028279209757961304,1.826303455690639,682,4319.23923585675,19.133350599642363,6.333195358141901,0.9033112582781457,0.1389898760946978,1.7139253352877457,0.1467304676771164,0.7741718292236328,165.9617286881977,31.687719345092773,62.50291177774157,28.124364852905273,2.8385891529997025,0.003759720732449937,0.08450508100031584,0.001920570022734451,no_correction_bonus_h30_ch10_w0.001_tsfalse,no_correction_bonus,42,30,10,0.001,False
1.0,1.0,0.5854304635761589,0.5789473684210527,0,3,10.014411830087731,23.6422201911367,0.028279209757961304,1.8321832540316825,700,6101.362637896573,17.6322124560637,8.716232339391242,0.9271523178807947,0.0835494020704889,1.542826082797427,0.048937778919935226,0.4580468535423279,143.22935654558836,18.301259994506836,46.362390659808824,8.397076606750488,2.670350241000051,0.0035368877364239087,0.08227341699966928,0.0014433932806959522,no_correction_bonus_h30_ch10_w0.002_tsfalse,no_correction_bonus,42,30,10,0.002,False
1.0,1.0,0.5682119205298013,0.5272727272727272,0,3,8.94321443294115,19.42714447016524,0.028279209757961304,1.72203653051417,705,4949.634920148116,17.71358343432999,7.020758751146667,0.9337748344370861,0.10800462439577266,1.6201600516024712,0.09366811066865921,0.893002986907959,155.42863481545652,26.764734268188477,52.54609307694291,17.426963806152344,2.499841975999516,0.0033110489748337957,0.09481322100145917,0.0017238767454810758,no_correction_bonus_h30_ch10_w0.005_tsfalse,no_correction_bonus,42,30,10,0.005,False
1.0,1.0,0.39072847682119205,0.6363636363636364,0,2,5.692602962915043,19.890534662360867,0.028279209757961304,1.826303455690639,682,4319.23923585675,19.133350599642363,6.333195358141901,0.9033112582781457,0.1389898760946978,1.7139253352877457,0.1467304676771164,0.7741718292236328,165.9617286881977,31.687719345092773,62.50291177774157,28.124364852905273,2.5007240580016514,0.003312217295366426,0.08789135799997894,0.001997530863635885,no_correction_bonus_h30_ch6_w0.001_tsfalse,no_correction_bonus,42,30,6,0.001,False
1.0,1.0,0.5854304635761589,0.5789473684210527,0,3,10.014411830087731,23.6422201911367,0.028279209757961304,1.8321832540316825,700,6101.362637896573,17.6322124560637,8.716232339391242,0.9271523178807947,0.0835494020704889,1.542826082797427,0.048937778919935226,0.4580468535423279,143.22935654558836,18.301259994506836,46.362390659808824,8.397076606750488,2.5141610390001006,0.0033300146211921863,0.08427931400001398,0.0014785844561405962,no_correction_bonus_h30_ch6_w0.002_tsfalse,no_correction_bonus,42,30,6,0.002,False
1.0,1.0,0.5682119205298013,0.5272727272727272,0,3,8.94321443294115,19.42714447016524,0.028279209757961304,1.72203653051417,705,4949.634920148116,17.71358343432999,7.020758751146667,0.9337748344370861,0.10800462439577266,1.6201600516024712,0.09366811066865921,0.893002986907959,155.42863481545652,26.764734268188477,52.54609307694291,17.426963806152344,2.368919836999339,0.0031376421682110453,0.08685298500131466,0.001579145181842085,no_correction_bonus_h30_ch6_w0.005_tsfalse,no_correction_bonus,42,30,6,0.005,False
1.0,1.0,0.39072847682119205,0.6363636363636364,0,2,5.692602962915043,19.890534662360867,0.028279209757961304,1.826303455690639,682,4319.23923585675,19.133350599642363,6.333195358141901,0.9033112582781457,0.1389898760946978,1.7139253352877457,0.1467304676771164,0.7741718292236328,165.9617286881977,31.687719345092773,62.50291177774157,28.124364852905273,2.3856512710008246,0.0031598030079481123,0.07530636199953733,0.0017115082272622121,no_correction_bonus_h30_ch8_w0.001_tsfalse,no_correction_bonus,42,30,8,0.001,False
1.0,1.0,0.5854304635761589,0.5789473684210527,0,3,10.014411830087731,23.6422201911367,0.028279209757961304,1.8321832540316825,700,6101.362637896573,17.6322124560637,8.716232339391242,0.9271523178807947,0.0835494020704889,1.542826082797427,0.048937778919935226,0.4580468535423279,143.22935654558836,18.301259994506836,46.362390659808824,8.397076606750488,2.4094782609990943,0.003191361935098138,0.08613943099953758,0.0015112180877111857,no_correction_bonus_h30_ch8_w0.002_tsfalse,no_correction_bonus,42,30,8,0.002,False
1.0,1.0,0.5682119205298013,0.5272727272727272,0,3,8.94321443294115,19.42714447016524,0.028279209757961304,1.72203653051417,705,4949.634920148116,17.71358343432999,7.020758751146667,0.9337748344370861,0.10800462439577266,1.6201600516024712,0.09366811066865921,0.893002986907959,155.42863481545652,26.764734268188477,52.54609307694291,17.426963806152344,2.3296210850003263,0.0030855908410600346,0.0802948969994759,0.001459907218172289,no_correction_bonus_h30_ch8_w0.005_tsfalse,no_correction_bonus,42,30,8,0.005,False
1.0,1.0,0.223841059602649,0.6226415094339622,0,2,2.0923432761862752,22.10083256507948,0.028279209757961304,1.8607326039636558,481,2956.9288126884157,19.4834067031557,6.147461144091677,0.6370860927152318,0.22863006390438528,1.7829422570770095,0.21779857575893402,1.2871019840240479,244.04704201922158,35.09432601928711,129.24562168507697,35.68431854248047,2.87653291100105,0.0038099773655643045,0.07266838699979417,0.0013711016415055503,no_correction_mag_h30_ch10_w0.001_tsfalse,no_correction_mag,42,30,10,0.001,False
1.0,1.0,0.07549668874172186,0.6956521739130435,0,2,1.1969594834665007,22.877176407625235,0.028279209757961304,1.7128847299812116,740,6110.166645854639,17.91148615131581,8.256981953813371,0.9801324503311258,0.06115630981587284,1.3431204155123653,0.02899015322327614,0.18483448028564453,78.05605449715227,23.02025032043457,25.349261402486068,13.200901985168457,2.9469206719986687,0.003903206188077707,0.06671623200054455,0.0014503528695770553,no_correction_mag_h30_ch10_w0.002_tsfalse,no_correction_mag,42,30,10,0.002,False
1.0,1.0,0.38145695364238413,0.5172413793103449,0,3,5.40115740438509,23.697697408600497,0.028279209757961304,1.8606643036167074,672,4083.2594174543524,18.209608729574562,6.076278893694605,0.8900662251655629,0.13166376757327636,1.5919222329645102,0.1351272165775299,0.9943859577178955,157.0650562682077,33.69113540649414,54.372366248113096,27.0352840423584,3.0588319990001764,0.004051433111258512,0.08064278900019417,0.0013903929137964511,no_correction_mag_h30_ch10_w0.005_tsfalse,no_correction_mag,42,30,10,0.005,False
1.0,1.0,0.223841059602649,0.6226415094339622,0,2,2.0923432761862752,22.10083256507948,0.028279209757961304,1.8607326039636558,481,2956.9288126884157,19.4834067031557,6.147461144091677,0.6370860927152318,0.22863006390438528,1.7829422570770095,0.21779857575893402,1.2871019840240479,244.04704201922158,35.09432601928711,129.24562168507697,35.68431854248047,3.056351489000008,0.004048147667549679,0.07219243899999128,0.0013621214905658733,no_correction_mag_h30_ch6_w0.001_tsfalse,no_correction_mag,42,30,6,0.001,False
1.0,1.0,0.07549668874172186,0.6956521739130435,0,2,1.1969594834665007,22.877176407625235,0.028279209757961304,1.7128847299812116,740,6110.166645854639,17.91148615131581,8.256981953813371,0.9801324503311258,0.06115630981587284,1.3431204155123653,0.02899015322327614,0.18483448028564453,78.05605449715227,23.02025032043457,25.349261402486068,13.200901985168457,3.179605494000498,0.004211398005298673,0.06168914099907852,0.0013410682825886634,no_correction_mag_h30_ch6_w0.002_tsfalse,no_correction_mag,42,30,6,0.002,False
1.0,1.0,0.38145695364238413,0.5172413793103449,0,3,5.40115740438509,23.697697408600497,0.028279209757961304,1.8606643036167074,672,4083.2594174543524,18.209608729574562,6.076278893694605,0.8900662251655629,0.13166376757327636,1.5919222329645102,0.1351272165775299,0.9943859577178955,157.0650562682077,33.69113540649414,54.372366248113096,27.0352840423584,3.4121084430007613,0.0045193489311268365,0.0972042599987617,0.0016759355172200293,no_correction_mag_h30_ch6_w0.005_tsfalse,no_correction_mag,42,30,6,0.005,False
1.0,1.0,0.223841059602649,0.6226415094339622,0,2,2.0923432761862752,22.10083256507948,0.028279209757961304,1.8607326039636558,481,2956.9288126884157,19.4834067031557,6.147461144091677,0.6370860927152318,0.22863006390438528,1.7829422570770095,0.21779857575893402,1.2871019840240479,244.04704201922158,35.09432601928711,129.24562168507697,35.68431854248047,4.455287748000046,0.005901043374834498,0.08294900299915753,0.001565075528285991,no_correction_mag_h30_ch8_w0.001_tsfalse,no_correction_mag,42,30,8,0.001,False
1.0,1.0,0.07549668874172186,0.6956521739130435,0,2,1.1969594834665007,22.877176407625235,0.028279209757961304,1.7128847299812116,740,6110.166645854639,17.91148615131581,8.256981953813371,0.9801324503311258,0.06115630981587284,1.3431204155123653,0.02899015322327614,0.18483448028564453,78.05605449715227,23.02025032043457,25.349261402486068,13.200901985168457,3.22391101500034,0.004270080814569987,0.06106764300056966,0.001327557456534123,no_correction_mag_h30_ch8_w0.002_tsfalse,no_correction_mag,42,30,8,0.002,False
1.0,1.0,0.38145695364238413,0.5172413793103449,0,3,5.40115740438509,23.697697408600497,0.028279209757961304,1.8606643036167074,672,4083.2594174543524,18.209608729574562,6.076278893694605,0.8900662251655629,0.13166376757327636,1.5919222329645102,0.1351272165775299,0.9943859577178955,157.0650562682077,33.69113540649414,54.372366248113096,27.0352840423584,3.2357994960002543,0.004285827147020204,0.10278793099860195,0.0017722057068724475,no_correction_mag_h30_ch8_w0.005_tsfalse,no_correction_mag,42,30,8,0.005,False
1.0,1.0,0.38675496688741723,0.5913978494623656,0,2,5.267848131737582,31.44597022076894,0.028279209757961304,1.7618632561825072,720,5328.0794767369825,17.27881660199918,7.400110384339855,0.9536423841059603,0.09490645685615189,1.0760200495600523,0.065352663397789,0.7321975231170654,123.60931402316297,14.095329284667969,36.37775580290214,4.250552654266357,3.343324441000732,0.0044282442927162016,0.09892050199960067,0.001063661311823663,no_stability_penalty_h30_ch10_w0.001_tsfalse,no_stability_penalty,42,30,10,0.001,False
1.0,1.0,0.2185430463576159,0.6071428571428571,0,2,2.142874998633326,23.45954651625162,0.028279209757961304,1.859382720773817,491,2714.193477592913,19.03278947711211,5.52788895349038,0.6503311258278146,0.20352316849971216,1.6891454698171497,0.17993110418319702,1.0991376638412476,211.99023187480958,31.792490005493164,91.96844548370083,27.634418487548828,4.001929373000166,0.005300568705960486,0.07179258100040897,0.001282010375007303,no_stability_penalty_h30_ch10_w0.002_tsfalse,no_stability_penalty,42,30,10,0.002,False
1.0,1.0,0.49801324503311256,0.5283018867924528,0,3,7.834735625239777,21.48537576944408,0.028279209757961304,1.8887223616385211,702,4881.901274239991,16.911493154196076,6.954275317766249,0.9298013245033112,0.11198317524224816,1.3545350254195339,0.09734638035297394,0.6497595310211182,148.51420301092173,31.31773567199707,48.46221959355387,23.171735763549805,3.5577568569988216,0.004712260737746783,0.07041825899977994,0.001328646396222263,no_stability_penalty_h30_ch10_w0.005_tsfalse,no_stability_penalty,42,30,10,0.005,False
1.0,1.0,0.38675496688741723,0.5913978494623656,0,2,5.267848131737582,31.44597022076894,0.028279209757961304,1.7618632561825072,720,5328.0794767369825,17.27881660199918,7.400110384339855,0.9536423841059603,0.09490645685615189,1.0760200495600523,0.065352663397789,0.7321975231170654,123.60931402316297,14.095329284667969,36.37775580290214,4.250552654266357,4.138955799999167,0.005482060662250552,0.10708939000141982,0.001151498817219568,no_stability_penalty_h30_ch6_w0.001_tsfalse,no_stability_penalty,42,30,6,0.001,False
1.0,1.0,0.2185430463576159,0.6071428571428571,0,2,2.142874998633326,23.45954651625162,0.028279209757961304,1.859382720773817,491,2714.193477592913,19.03278947711211,5.52788895349038,0.6503311258278146,0.20352316849971216,1.6891454698171497,0.17993110418319702,1.0991376638412476,211.99023187480958,31.792490005493164,91.96844548370083,27.634418487548828,2.8723659489987767,0.003804458210594406,0.084877900999345,0.001515676803559732,no_stability_penalty_h30_ch6_w0.002_tsfalse,no_stability_penalty,42,30,6,0.002,False
1.0,1.0,0.49801324503311256,0.5283018867924528,0,3,7.834735625239777,21.48537576944408,0.028279209757961304,1.8887223616385211,702,4881.901274239991,16.911493154196076,6.954275317766249,0.9298013245033112,0.11198317524224816,1.3545350254195339,0.09734638035297394,0.6497595310211182,148.51420301092173,31.31773567199707,48.46221959355387,23.171735763549805,2.8447533460002887,0.0037678852264904487,0.08118866400036495,0.0015318615849125462,no_stability_penalty_h30_ch6_w0.005_tsfalse,no_stability_penalty,42,30,6,0.005,False
1.0,1.0,0.38675496688741723,0.5913978494623656,0,2,5.267848131737582,31.44597022076894,0.028279209757961304,1.7618632561825072,720,5328.0794767369825,17.27881660199918,7.400110384339855,0.9536423841059603,0.09490645685615189,1.0760200495600523,0.065352663397789,0.7321975231170654,123.60931402316297,14.095329284667969,36.37775580290214,4.250552654266357,3.2300944270009495,0.004278270764239668,0.10237862799840514,0.0011008454623484423,no_stability_penalty_h30_ch8_w0.001_tsfalse,no_stability_penalty,42,30,8,0.001,False
1.0,1.0,0.2185430463576159,0.6071428571428571,0,2,2.142874998633326,23.45954651625162,0.028279209757961304,1.859382720773817,491,2714.193477592913,19.03278947711211,5.52788895349038,0.6503311258278146,0.20352316849971216,1.6891454698171497,0.17993110418319702,1.0991376638412476,211.99023187480958,31.792490005493164,91.96844548370083,27.634418487548828,3.289459779000026,0.004356900369536458,0.07110830400051782,0.0012697911428663897,no_stability_penalty_h30_ch8_w0.002_tsfalse,no_stability_penalty,42,30,8,0.002,False
1.0,1.0,0.49801324503311256,0.5283018867924528,0,3,7.834735625239777,21.48537576944408,0.028279209757961304,1.8887223616385211,702,4881.901274239991,16.911493154196076,6.954275317766249,0.9298013245033112,0.11198317524224816,1.3545350254195339,0.09734638035297394,0.6497595310211182,148.51420301092173,31.31773567199707,48.46221959355387,23.171735763549805,3.238170615999479,0.004288967703310568,0.08098868600063724,0.001528088415106363,no_stability_penalty_h30_ch8_w0.005_tsfalse,no_stability_penalty,42,30,8,0.005,False
1.0,1.0,0.552317880794702,0.6527777777777778,0,2,9.33005300249248,26.551769852483417,0.028279209757961304,1.5297276475528134,723,5697.051301182042,16.785994968403543,7.879739005494897,0.9576158940397351,0.07055682619905136,0.9418212221696347,0.04391448199748993,0.564647912979126,126.55272472407677,8.46352767944336,37.814750898718934,1.6733378171920776,3.1240858500004833,0.0041378620529807725,0.09468954600015422,0.0013151325833354753,no_velocity_h30_ch10_w0.001_tsfalse,no_velocity,42,30,10,0.001,False
1.0,1.0,0.4781456953642384,0.559322033898305,0,2,7.5462456836173235,36.07086861278687,0.028279209757961304,1.6707048717506399,711,6008.2474901620335,17.530551172470417,8.45041840947526,0.9417218543046357,0.0891155371075807,1.2359405516514639,0.07481571286916733,1.0698294639587402,124.41296658100345,26.709030151367188,36.55324440620397,13.02652645111084,2.8880542059996515,0.0038252373589399355,0.12409289499919396,0.0010516347033829997,no_velocity_h30_ch10_w0.002_tsfalse,no_velocity,42,30,10,0.002,False
1.0,1.0,0.609271523178808,0.6122448979591837,0,2,10.223153892073967,22.0804233391873,0.028489300060668327,1.82314213572017,714,6036.225894997165,18.854927918990512,8.45409789131786,0.9456953642384106,0.09085928277964316,1.823012090318074,0.04881983995437622,0.32559311389923096,149.56459235148913,28.734947204589844,48.56116046496901,19.51582145690918,2.703308221000043,0.003580540690066282,0.08122924300005252,0.0016577396530622964,no_velocity_h30_ch10_w0.005_tsfalse,no_velocity,42,30,10,0.005,False
1.0,1.0,0.552317880794702,0.6527777777777778,0,2,9.33005300249248,26.551769852483417,0.028279209757961304,1.5297276475528134,723,5697.051301182042,16.785994968403543,7.879739005494897,0.9576158940397351,0.07055682619905136,0.9418212221696347,0.04391448199748993,0.564647912979126,126.55272472407677,8.46352767944336,37.814750898718934,1.6733378171920776,3.597135600999536,0.004764418014568922,0.11890153999956965,0.0016514102777718006,no_velocity_h30_ch6_w0.001_tsfalse,no_velocity,42,30,6,0.001,False
1.0,1.0,0.4781456953642384,0.559322033898305,0,2,7.5462456836173235,36.07086861278687,0.028279209757961304,1.6707048717506399,711,6008.2474901620335,17.530551172470417,8.45041840947526,0.9417218543046357,0.0891155371075807,1.2359405516514639,0.07481571286916733,1.0698294639587402,124.41296658100345,26.709030151367188,36.55324440620397,13.02652645111084,3.1544914330006577,0.004178134348345242,0.12226553799882822,0.0010361486271087137,no_velocity_h30_ch6_w0.002_tsfalse,no_velocity,42,30,6,0.002,False
1.0,1.0,0.609271523178808,0.6122448979591837,0,2,10.223153892073967,22.0804233391873,0.028489300060668327,1.82314213572017,714,6036.225894997165,18.854927918990512,8.45409789131786,0.9456953642384106,0.09085928277964316,1.823012090318074,0.04881983995437622,0.32559311389923096,149.56459235148913,28.734947204589844,48.56116046496901,19.51582145690918,2.7689711489983893,0.0036675114556270058,0.06543904399950407,0.0013354906938674298,no_velocity_h30_ch6_w0.005_tsfalse,no_velocity,42,30,6,0.005,False
1.0,1.0,0.552317880794702,0.6527777777777778,0,2,9.33005300249248,26.551769852483417,0.028279209757961304,1.5297276475528134,723,5697.051301182042,16.785994968403543,7.879739005494897,0.9576158940397351,0.07055682619905136,0.9418212221696347,0.04391448199748993,0.564647912979126,126.55272472407677,8.46352767944336,37.814750898718934,1.6733378171920776,2.955615212000339,0.003914722135099787,0.0811141400008637,0.0011265852777897736,no_velocity_h30_ch8_w0.001_tsfalse,no_velocity,42,30,8,0.001,False
1.0,1.0,0.4781456953642384,0.559322033898305,0,2,7.5462456836173235,36.07086861278687,0.028279209757961304,1.6707048717506399,711,6008.2474901620335,17.530551172470417,8.45041840947526,0.9417218543046357,0.0891155371075807,1.2359405516514639,0.07481571286916733,1.0698294639587402,124.41296658100345,26.709030151367188,36.55324440620397,13.02652645111084,3.0036756829995284,0.003978378388078845,0.12585812900033488,0.00106659431356216,no_velocity_h30_ch8_w0.002_tsfalse,no_velocity,42,30,8,0.002,False
1.0,1.0,0.609271523178808,0.6122448979591837,0,2,10.223153892073967,22.0804233391873,0.028489300060668327,1.82314213572017,714,6036.225894997165,18.854927918990512,8.45409789131786,0.9456953642384106,0.09085928277964316,1.823012090318074,0.04881983995437622,0.32559311389923096,149.56459235148913,28.734947204589844,48.56116046496901,19.51582145690918,2.6127451849988574,0.0034605896490051092,0.06829361400014022,0.0013937472244926576,no_velocity_h30_ch8_w0.005_tsfalse,no_velocity,42,30,8,0.005,False
1.0,1.0,0.376158940397351,0.5161290322580645,0,2,5.080565463115887,22.7008630052488,0.028279209757961304,1.900843109126883,617,4091.8977580539126,19.049595143655097,6.631925049337531,0.8172185430463577,0.14842312548645126,1.4027087193702523,0.11024485528469086,0.765358030796051,170.79494144067962,29.07674789428711,64.19018521811608,19.905353546142578,2.8732817849995627,0.0038056712384100166,0.08234057099980419,0.0013280737258032933,state_only_h30_ch10_w0.001_tsfalse,state_only,42,30,10,0.001,False
1.0,1.0,0.4556291390728477,0.6226415094339622,0,3,7.150161334093408,23.69440702825846,0.028279209757961304,1.8232629076423366,648,4850.167092225511,19.21985115392973,7.484825759180801,0.8582781456953642,0.12940618582080013,1.368523634350403,0.12581604719161987,0.8483747243881226,166.27653132282046,26.675291061401367,59.96897022231894,18.317134857177734,5.898255345999132,0.007812258736422692,0.07470736199866224,0.0014095728678992874,state_only_h30_ch10_w0.002_tsfalse,state_only,42,30,10,0.002,False
1.0,1.0,0.5920529801324503,0.6923076923076923,0,3,9.919858818238072,29.054413807449574,0.028279209757961304,1.7135323189939917,715,6309.752209323286,17.6629778786117,8.824828264193604,0.9470198675496688,0.07265639075526752,1.3511261838759814,0.094070203602314,1.1000452041625977,133.17702816433376,10.71430778503418,40.95232596871213,3.3560738563537598,2.9237412340007722,0.0038725049456963872,0.09622736499841267,0.0014804209999755794,state_only_h30_ch10_w0.005_tsfalse,state_only,42,30,10,0.005,False
1.0,1.0,0.376158940397351,0.5161290322580645,0,2,5.080565463115887,22.7008630052488,0.028279209757961304,1.900843109126883,617,4091.8977580539126,19.049595143655097,6.631925049337531,0.8172185430463577,0.14842312548645126,1.4027087193702523,0.11024485528469086,0.765358030796051,170.79494144067962,29.07674789428711,64.19018521811608,19.905353546142578,2.8156343570008175,0.003729317029140156,0.09438645499903942,0.0015223621774038615,state_only_h30_ch6_w0.001_tsfalse,state_only,42,30,6,0.001,False
1.0,1.0,0.4556291390728477,0.6226415094339622,0,3,7.150161334093408,23.69440702825846,0.028279209757961304,1.8232629076423366,648,4850.167092225511,19.21985115392973,7.484825759180801,0.8582781456953642,0.12940618582080013,1.368523634350403,0.12581604719161987,0.8483747243881226,166.27653132282046,26.675291061401367,59.96897022231894,18.317134857177734,3.0869110290004755,0.004088623879470828,0.2490186459999677,0.0046984650188673155,state_only_h30_ch6_w0.002_tsfalse,state_only,42,30,6,0.002,False
1.0,1.0,0.5920529801324503,0.6923076923076923,0,3,9.919858818238072,29.054413807449574,0.028279209757961304,1.7135323189939917,715,6309.752209323286,17.6629778786117,8.824828264193604,0.9470198675496688,0.07265639075526752,1.3511261838759814,0.094070203602314,1.1000452041625977,133.17702816433376,10.71430778503418,40.95232596871213,3.3560738563537598,14.11045003899926,0.018689337799999022,0.43596538699966914,0.00670715979999491,state_only_h30_ch6_w0.005_tsfalse,state_only,42,30,6,0.005,False
1.0,1.0,0.376158940397351,0.5161290322580645,0,2,5.080565463115887,22.7008630052488,0.028279209757961304,1.900843109126883,617,4091.8977580539126,19.049595143655097,6.631925049337531,0.8172185430463577,0.14842312548645126,1.4027087193702523,0.11024485528469086,0.765358030796051,170.79494144067962,29.07674789428711,64.19018521811608,19.905353546142578,15.624874000001,0.020695197350994704,0.48220530599974154,0.007777504935479703,state_only_h30_ch8_w0.001_tsfalse,state_only,42,30,8,0.001,False
1.0,1.0,0.4556291390728477,0.6226415094339622,0,3,7.150161334093408,23.69440702825846,0.028279209757961304,1.8232629076423366,648,4850.167092225511,19.21985115392973,7.484825759180801,0.8582781456953642,0.12940618582080013,1.368523634350403,0.12581604719161987,0.8483747243881226,166.27653132282046,26.675291061401367,59.96897022231894,18.317134857177734,14.958692217000134,0.01981283737351011,0.43685555000047316,0.00824255754717874,state_only_h30_ch8_w0.002_tsfalse,state_only,42,30,8,0.002,False
1.0,1.0,0.5920529801324503,0.6923076923076923,0,3,9.919858818238072,29.054413807449574,0.028279209757961304,1.7135323189939917,715,6309.752209323286,17.6629778786117,8.824828264193604,0.9470198675496688,0.07265639075526752,1.3511261838759814,0.094070203602314,1.1000452041625977,133.17702816433376,10.71430778503418,40.95232596871213,3.3560738563537598,16.281237793999026,0.021564553369535132,0.4858455710000271,0.007474547246154263,state_only_h30_ch8_w0.005_tsfalse,state_only,42,30,8,0.005,False
1.0,1.0,0.39867549668874175,0.5818181818181818,0,2,5.821329700121565,22.277866307849187,0.028279209757961304,1.7329183462806603,686,4066.858314591177,17.520299237548862,5.92836488774842,0.9086092715231788,0.12238998728685659,1.3386460476369768,0.14107364416122437,0.9519675970077515,147.93080377105215,27.333942413330078,52.21691889685851,19.158390045166016,15.654435696000292,0.020734351915232173,0.48891196500153455,0.008889308454573355,temp_30_h30_ch10_w0.001_tsfalse,temp_30,42,30,10,0.001,False
1.0,1.0,0.06887417218543046,0.6363636363636364,0,2,1.048643333615896,21.87417813486495,0.029256026723497947,1.8865290535410189,739,5090.85217416595,19.089800923603228,6.88883920693463,0.9788079470198675,0.10209289993698778,1.605524376212196,0.14726345241069794,0.6623564958572388,134.74916508084814,25.73133659362793,39.77589436603914,19.092350006103516,17.59058107800047,0.02329878288476883,0.38274173799982236,0.008698675863632327,temp_30_h30_ch10_w0.002_tsfalse,temp_30,42,30,10,0.002,False
1.0,1.0,0.6357615894039735,0.5961538461538461,0,2,10.746554695886584,21.167543110564658,0.02848929537638803,1.569291311706113,712,6523.042289423189,17.83669965711897,9.161576248744787,0.9430463576158941,0.07870264337826947,1.7121095356099345,0.06781543791294098,0.5607441663742065,147.63020085817735,19.275108337402344,47.161564275615916,9.841085433959961,16.44280641199839,0.021778551539070715,0.36260467099964444,0.0069731667499931625,temp_30_h30_ch10_w0.005_tsfalse,temp_30,42,30,10,0.005,False
1.0,1.0,0.39867549668874175,0.5818181818181818,0,2,5.821329700121565,22.277866307849187,0.028279209757961304,1.7329183462806603,686,4066.858314591177,17.520299237548862,5.92836488774842,0.9086092715231788,0.12238998728685659,1.3386460476369768,0.14107364416122437,0.9519675970077515,147.93080377105215,27.333942413330078,52.21691889685851,19.158390045166016,13.56047146900164,0.01796088936291608,0.16005065299941634,0.0029100118727166608,temp_30_h30_ch6_w0.001_tsfalse,temp_30,42,30,6,0.001,False
1.0,1.0,0.06887417218543046,0.6363636363636364,0,2,1.048643333615896,21.87417813486495,0.029256026723497947,1.8865290535410189,739,5090.85217416595,19.089800923603228,6.88883920693463,0.9788079470198675,0.10209289993698778,1.605524376212196,0.14726345241069794,0.6623564958572388,134.74916508084814,25.73133659362793,39.77589436603914,19.092350006103516,7.082901603000209,0.009381326626490343,0.13140439500057255,0.002986463522740285,temp_30_h30_ch6_w0.002_tsfalse,temp_30,42,30,6,0.002,False
1.0,1.0,0.6357615894039735,0.5961538461538461,0,2,10.746554695886584,21.167543110564658,0.02848929537638803,1.569291311706113,712,6523.042289423189,17.83669965711897,9.161576248744787,0.9430463576158941,0.07870264337826947,1.7121095356099345,0.06781543791294098,0.5607441663742065,147.63020085817735,19.275108337402344,47.161564275615916,9.841085433959961,5.6690518409996,0.007508677935098808,0.11996943699887197,0.002307104557670615,temp_30_h30_ch6_w0.005_tsfalse,temp_30,42,30,6,0.005,False
1.0,1.0,0.39867549668874175,0.5818181818181818,0,2,5.821329700121565,22.277866307849187,0.028279209757961304,1.7329183462806603,686,4066.858314591177,17.520299237548862,5.92836488774842,0.9086092715231788,0.12238998728685659,1.3386460476369768,0.14107364416122437,0.9519675970077515,147.93080377105215,27.333942413330078,52.21691889685851,19.158390045166016,6.02025472799869,0.00797384732185257,0.12910391799960053,0.0023473439636291006,temp_30_h30_ch8_w0.001_tsfalse,temp_30,42,30,8,0.001,False
1.0,1.0,0.06887417218543046,0.6363636363636364,0,2,1.048643333615896,21.87417813486495,0.029256026723497947,1.8865290535410189,739,5090.85217416595,19.089800923603228,6.88883920693463,0.9788079470198675,0.10209289993698778,1.605524376212196,0.14726345241069794,0.6623564958572388,134.74916508084814,25.73133659362793,39.77589436603914,19.092350006103516,7.065101115000289,0.009357749821192436,0.11635216300055617,0.0026443673409217313,temp_30_h30_ch8_w0.002_tsfalse,temp_30,42,30,8,0.002,False
1.0,1.0,0.6357615894039735,0.5961538461538461,0,2,10.746554695886584,21.167543110564658,0.02848929537638803,1.569291311706113,712,6523.042289423189,17.83669965711897,9.161576248744787,0.9430463576158941,0.07870264337826947,1.7121095356099345,0.06781543791294098,0.5607441663742065,147.63020085817735,19.275108337402344,47.161564275615916,9.841085433959961,5.51468280500012,0.007304215635761749,0.14098027999898477,0.002711159230749707,temp_30_h30_ch8_w0.005_tsfalse,temp_30,42,30,8,0.005,False
1.0,1.0,0.15364238410596026,0.6666666666666666,0,2,0.953869140448534,20.084757381757786,0.028279209757961304,1.8527060181099049,678,4373.436234408971,19.171554171909705,6.450495920500015,0.8980132450331125,0.2594005513184644,1.7083363331868244,0.1620042324066162,0.6549909114837646,327.0257685939119,35.02717971801758,198.5997021161234,35.20749282836914,7.412140741998883,0.00981740495628991,0.10986786700050288,0.0026159015952500688,w_correction_10_h30_ch10_w0.001_tsfalse,w_correction_10,42,30,10,0.001,False
1.0,1.0,0.5377483443708609,0.6538461538461539,0,3,9.166506315170201,23.21619380648405,0.028279209757961304,1.8449380344474469,705,5686.4786613665,18.063845935677442,8.065927178324419,0.9337748344370861,0.08538749532721684,1.5778744857780458,0.0980239138007164,0.774517297744751,142.0265999084755,24.191593170166016,46.599235116998486,14.676339149475098,5.809559462000834,0.007694780744371966,0.13066674000037892,0.00251282192308421,w_correction_10_h30_ch10_w0.002_tsfalse,w_correction_10,42,30,10,0.002,False
1.0,1.0,0.18410596026490067,0.6153846153846154,0,2,1.2403002132720309,21.904204547454878,0.028279209757961304,1.7980208077304904,547,3635.5220767962624,18.683163069704065,6.646292641565976,0.7245033112582782,0.27192593476533927,1.6347679899325538,0.17456085979938507,0.9585155248641968,331.8169082350632,30.295989990234375,194.6300894233035,24.89143943786621,6.253066070999921,0.008282206716556186,0.140323368999816,0.002698526326919539,w_correction_10_h30_ch10_w0.005_tsfalse,w_correction_10,42,30,10,0.005,False
1.0,1.0,0.15364238410596026,0.6666666666666666,0,2,0.953869140448534,20.084757381757786,0.028279209757961304,1.8527060181099049,678,4373.436234408971,19.171554171909705,6.450495920500015,0.8980132450331125,0.2594005513184644,1.7083363331868244,0.1620042324066162,0.6549909114837646,327.0257685939119,35.02717971801758,198.5997021161234,35.20749282836914,8.342133120000653,0.011049182940398217,0.14032266300091578,0.00334101578573609,w_correction_10_h30_ch6_w0.001_tsfalse,w_correction_10,42,30,6,0.001,False
1.0,1.0,0.5377483443708609,0.6538461538461539,0,3,9.166506315170201,23.21619380648405,0.028279209757961304,1.8449380344474469,705,5686.4786613665,18.063845935677442,8.065927178324419,0.9337748344370861,0.08538749532721684,1.5778744857780458,0.0980239138007164,0.774517297744751,142.0265999084755,24.191593170166016,46.599235116998486,14.676339149475098,6.705716399999801,0.008881743576158677,0.179477322000821,0.00345148696155425,w_correction_10_h30_ch6_w0.002_tsfalse,w_correction_10,42,30,6,0.002,False
1.0,1.0,0.18410596026490067,0.6153846153846154,0,2,1.2403002132720309,21.904204547454878,0.028279209757961304,1.7980208077304904,547,3635.5220767962624,18.683163069704065,6.646292641565976,0.7245033112582782,0.27192593476533927,1.6347679899325538,0.17456085979938507,0.9585155248641968,331.8169082350632,30.295989990234375,194.6300894233035,24.89143943786621,5.526875600000494,0.0073203650331132375,0.11125512000035087,0.002139521538468286,w_correction_10_h30_ch6_w0.005_tsfalse,w_correction_10,42,30,6,0.005,False
1.0,1.0,0.15364238410596026,0.6666666666666666,0,2,0.953869140448534,20.084757381757786,0.028279209757961304,1.8527060181099049,678,4373.436234408971,19.171554171909705,6.450495920500015,0.8980132450331125,0.2594005513184644,1.7083363331868244,0.1620042324066162,0.6549909114837646,327.0257685939119,35.02717971801758,198.5997021161234,35.20749282836914,6.577984010000364,0.008712561602649488,0.13290180700096244,0.003164328738118153,w_correction_10_h30_ch8_w0.001_tsfalse,w_correction_10,42,30,8,0.001,False
1.0,1.0,0.5377483443708609,0.6538461538461539,0,3,9.166506315170201,23.21619380648405,0.028279209757961304,1.8449380344474469,705,5686.4786613665,18.063845935677442,8.065927178324419,0.9337748344370861,0.08538749532721684,1.5778744857780458,0.0980239138007164,0.774517297744751,142.0265999084755,24.191593170166016,46.599235116998486,14.676339149475098,6.519183892000001,0.008634680651655631,0.19162636100008967,0.0036851223269248013,w_correction_10_h30_ch8_w0.002_tsfalse,w_correction_10,42,30,8,0.002,False
1.0,1.0,0.18410596026490067,0.6153846153846154,0,2,1.2403002132720309,21.904204547454878,0.028279209757961304,1.7980208077304904,547,3635.5220767962624,18.683163069704065,6.646292641565976,0.7245033112582782,0.27192593476533927,1.6347679899325538,0.17456085979938507,0.9585155248641968,331.8169082350632,30.295989990234375,194.6300894233035,24.89143943786621,6.398730899998554,0.008475140264898748,0.13623525100047118,0.0026199086730859843,w_correction_10_h30_ch8_w0.005_tsfalse,w_correction_10,42,30,8,0.005,False
1.0,1.0,0.5576158940397351,0.6122448979591837,0,2,9.685473908529275,22.589495326763473,0.028911148684214488,1.7614050476565204,708,6231.318916500133,18.522746086107187,8.801297903636312,0.937748344370861,0.08646108400182265,1.697964650538011,0.10255511105060577,0.6325743794441223,139.78693523291247,21.76129913330078,45.36889174463903,12.658456802368164,9.401667739000914,0.012452540051656838,0.12855331100035983,0.002623536959191017,baseline_h40_ch10_w0.001_tsfalse,baseline,42,40,10,0.001,False
1.0,1.0,0.21721854304635763,0.66,0,2,2.326639856235139,24.281147767296535,0.028279209757961304,1.9233033665296773,569,2933.2916487165226,18.37868001763396,5.155169853380157,0.7536423841059603,0.23341383808642405,1.616329648766719,0.11926150321960449,0.7264296412467957,216.5401487823162,29.188920974731445,99.4475442732716,21.61557388305664,7.640408137998747,0.010119745878144036,0.09945422099917778,0.0019890844199835556,baseline_h40_ch10_w0.002_tsfalse,baseline,42,40,10,0.002,False
1.0,1.0,0.6344370860927152,0.6122448979591837,0,2,10.637150497012247,23.811616784625617,0.02878325550391525,1.8713291014645088,706,6074.838341448214,19.027763305015984,8.604586882934909,0.9350993377483444,0.08584081287617855,1.7404845918476977,0.06869535148143768,0.3251250684261322,152.24465338029762,27.186384201049805,49.93317818303717,17.791048049926758,7.611821505999615,0.010081882789403463,0.09667704499952379,0.001973000918357628,baseline_h40_ch10_w0.005_tsfalse,baseline,42,40,10,0.005,False
1.0,1.0,0.5576158940397351,0.6122448979591837,0,2,9.685473908529275,22.589495326763473,0.028911148684214488,1.7614050476565204,708,6231.318916500133,18.522746086107187,8.801297903636312,0.937748344370861,0.08646108400182265,1.697964650538011,0.10255511105060577,0.6325743794441223,139.78693523291247,21.76129913330078,45.36889174463903,12.658456802368164,10.251966763000382,0.013578763924503818,0.12407208100012213,0.002532083285716778,baseline_h40_ch6_w0.001_tsfalse,baseline,42,40,6,0.001,False
1.0,1.0,0.21721854304635763,0.66,0,2,2.326639856235139,24.281147767296535,0.028279209757961304,1.9233033665296773,569,2933.2916487165226,18.37868001763396,5.155169853380157,0.7536423841059603,0.23341383808642405,1.616329648766719,0.11926150321960449,0.7264296412467957,216.5401487823162,29.188920974731445,99.4475442732716,21.61557388305664,9.036705247999635,0.011969146023840575,0.12798848100101168,0.0025597696200202334,baseline_h40_ch6_w0.002_tsfalse,baseline,42,40,6,0.002,False
1.0,1.0,0.6344370860927152,0.6122448979591837,0,2,10.637150497012247,23.811616784625617,0.02878325550391525,1.8713291014645088,706,6074.838341448214,19.027763305015984,8.604586882934909,0.9350993377483444,0.08584081287617855,1.7404845918476977,0.06869535148143768,0.3251250684261322,152.24465338029762,27.186384201049805,49.93317818303717,17.791048049926758,8.710836030999417,0.011537531166886645,0.1921540900002583,0.003921512040821598,baseline_h40_ch6_w0.005_tsfalse,baseline,42,40,6,0.005,False
1.0,1.0,0.5576158940397351,0.6122448979591837,0,2,9.685473908529275,22.589495326763473,0.028911148684214488,1.7614050476565204,708,6231.318916500133,18.522746086107187,8.801297903636312,0.937748344370861,0.08646108400182265,1.697964650538011,0.10255511105060577,0.6325743794441223,139.78693523291247,21.76129913330078,45.36889174463903,12.658456802368164,7.706052458001068,0.010206691997352408,0.10747309399994265,0.0021933284489784213,baseline_h40_ch8_w0.001_tsfalse,baseline,42,40,8,0.001,False
1.0,1.0,0.21721854304635763,0.66,0,2,2.326639856235139,24.281147767296535,0.028279209757961304,1.9233033665296773,569,2933.2916487165226,18.37868001763396,5.155169853380157,0.7536423841059603,0.23341383808642405,1.616329648766719,0.11926150321960449,0.7264296412467957,216.5401487823162,29.188920974731445,99.4475442732716,21.61557388305664,8.01291945199955,0.010613138347019272,0.11407736600085627,0.0022815473200171253,baseline_h40_ch8_w0.002_tsfalse,baseline,42,40,8,0.002,False
1.0,1.0,0.6344370860927152,0.6122448979591837,0,2,10.637150497012247,23.811616784625617,0.02878325550391525,1.8713291014645088,706,6074.838341448214,19.027763305015984,8.604586882934909,0.9350993377483444,0.08584081287617855,1.7404845918476977,0.06869535148143768,0.3251250684261322,152.24465338029762,27.186384201049805,49.93317818303717,17.791048049926758,7.367754943999898,0.009758615819867415,0.1320823259993631,0.0026955576734563895,baseline_h40_ch8_w0.005_tsfalse,baseline,42,40,8,0.005,False
1.0,1.0,0.3258278145695364,0.47540983606557374,0,3,4.0942027138852595,21.440649869908206,0.028279209757961304,1.8893740086904496,617,3583.508071885137,18.09565787671574,5.8079547346731895,0.8172185430463577,0.15142778128356957,1.5778552356618039,0.13270682096481323,0.8596093058586121,159.9284367849324,34.81568908691406,60.69107707776958,28.12762451171875,9.919243745998756,0.013138071186753319,0.16088520400080597,0.00263746236066895,no_correction_bonus_h40_ch10_w0.001_tsfalse,no_correction_bonus,42,40,10,0.001,False
1.0,1.0,0.5761589403973509,0.6607142857142857,0,2,9.980431574727678,25.619856559666424,0.028805676294724247,1.7161986695007554,741,6087.537642227805,15.877624899956526,8.215300461800053,0.9814569536423841,0.07958606318188682,1.545975310175947,0.18854562938213348,1.2534676790237427,133.28335123682882,15.62692642211914,44.038407877470235,7.298232555389404,7.80327666499943,0.010335465781456199,0.12259681499926955,0.0021892288392726706,no_correction_bonus_h40_ch10_w0.002_tsfalse,no_correction_bonus,42,40,10,0.002,False
1.0,1.0,0.19602649006622516,0.6458333333333334,0,2,1.8378149780606536,23.548622647131793,0.028279209757961304,1.822007736863425,512,2735.0078544171274,17.988922236574055,5.341812211623308,0.6781456953642384,0.2333106847974012,1.4858490945088971,0.11614271253347397,0.6160318851470947,232.57977558565466,29.622343063354492,115.38311868732023,22.23458480834961,8.207657551000011,0.010871069603973525,0.13793546600027184,0.00287365554167233,no_correction_bonus_h40_ch10_w0.005_tsfalse,no_correction_bonus,42,40,10,0.005,False
1.0,1.0,0.3258278145695364,0.47540983606557374,0,3,4.0942027138852595,21.440649869908206,0.028279209757961304,1.8893740086904496,617,3583.508071885137,18.09565787671574,5.8079547346731895,0.8172185430463577,0.15142778128356957,1.5778552356618039,0.13270682096481323,0.8596093058586121,159.9284367849324,34.81568908691406,60.69107707776958,28.12762451171875,8.886331906998748,0.011769976035759931,0.12962818199957837,0.0021250521639275145,no_correction_bonus_h40_ch6_w0.001_tsfalse,no_correction_bonus,42,40,6,0.001,False
1.0,1.0,0.5761589403973509,0.6607142857142857,0,2,9.980431574727678,25.619856559666424,0.028805676294724247,1.7161986695007554,741,6087.537642227805,15.877624899956526,8.215300461800053,0.9814569536423841,0.07958606318188682,1.545975310175947,0.18854562938213348,1.2534676790237427,133.28335123682882,15.62692642211914,44.038407877470235,7.298232555389404,8.287476941999557,0.010976790651655043,0.25187633899986395,0.004497791767854713,no_correction_bonus_h40_ch6_w0.002_tsfalse,no_correction_bonus,42,40,6,0.002,False
1.0,1.0,0.19602649006622516,0.6458333333333334,0,2,1.8378149780606536,23.548622647131793,0.028279209757961304,1.822007736863425,512,2735.0078544171274,17.988922236574055,5.341812211623308,0.6781456953642384,0.2333106847974012,1.4858490945088971,0.11614271253347397,0.6160318851470947,232.57977558565466,29.622343063354492,115.38311868732023,22.23458480834961,11.325971029998982,0.015001286132448983,0.1359041719988454,0.0028313369166426128,no_correction_bonus_h40_ch6_w0.005_tsfalse,no_correction_bonus,42,40,6,0.005,False
1.0,1.0,0.3258278145695364,0.47540983606557374,0,3,4.0942027138852595,21.440649869908206,0.028279209757961304,1.8893740086904496,617,3583.508071885137,18.09565787671574,5.8079547346731895,0.8172185430463577,0.15142778128356957,1.5778552356618039,0.13270682096481323,0.8596093058586121,159.9284367849324,34.81568908691406,60.69107707776958,28.12762451171875,8.330929441999615,0.011034343631787569,0.16638595500080555,0.002727638606570583,no_correction_bonus_h40_ch8_w0.001_tsfalse,no_correction_bonus,42,40,8,0.001,False
1.0,1.0,0.5761589403973509,0.6607142857142857,0,2,9.980431574727678,25.619856559666424,0.028805676294724247,1.7161986695007554,741,6087.537642227805,15.877624899956526,8.215300461800053,0.9814569536423841,0.07958606318188682,1.545975310175947,0.18854562938213348,1.2534676790237427,133.28335123682882,15.62692642211914,44.038407877470235,7.298232555389404,8.517977018000238,0.011282088765563228,0.13725615600014862,0.0024510027857169397,no_correction_bonus_h40_ch8_w0.002_tsfalse,no_correction_bonus,42,40,8,0.002,False
1.0,1.0,0.19602649006622516,0.6458333333333334,0,2,1.8378149780606536,23.548622647131793,0.028279209757961304,1.822007736863425,512,2735.0078544171274,17.988922236574055,5.341812211623308,0.6781456953642384,0.2333106847974012,1.4858490945088971,0.11614271253347397,0.6160318851470947,232.57977558565466,29.622343063354492,115.38311868732023,22.23458480834961,9.480423302000418,0.012556852055629692,0.12990258799982257,0.00270630391666297,no_correction_bonus_h40_ch8_w0.005_tsfalse,no_correction_bonus,42,40,8,0.005,False
1.0,1.0,0.38145695364238413,0.5689655172413793,0,2,5.370621231172848,20.55624497727956,0.028279209757961304,1.7297880791560531,651,4153.776566630965,19.39063009829319,6.38060916401187,0.8622516556291391,0.13361390619279082,1.4875445159782434,0.1530129760503769,1.0657987594604492,156.41577423907455,28.389841079711914,57.389842151879705,22.63652229309082,11.047718526999233,0.014632739770859911,0.11769798800014541,0.002029275655174921,no_correction_mag_h40_ch10_w0.001_tsfalse,no_correction_mag,42,40,10,0.001,False
1.0,1.0,0.49933774834437084,0.6440677966101694,0,2,8.273696445978807,18.292100904370603,0.028279209757961304,1.628865434523439,697,5056.390998646824,19.16309237585383,7.254506452602877,0.9231788079470199,0.0994839650797354,1.7206014795900006,0.12733609974384308,1.4311904907226562,143.21226087195438,31.97254180908203,47.74759091772363,25.309268951416016,8.796914438000385,0.011651542301987266,0.15970515699882526,0.002706867067776699,no_correction_mag_h40_ch10_w0.002_tsfalse,no_correction_mag,42,40,10,0.002,False
1.0,1.0,0.2370860927152318,0.6458333333333334,0,2,2.311611433383571,21.58369487759504,0.028279209757961304,1.9363186635883525,508,2973.579061448249,19.14925680849884,5.853502086258652,0.6728476821192053,0.21837587611678497,1.6641453360582887,0.22232051193714142,1.201550841331482,218.0935175246135,36.26506805419922,100.33760966581768,37.90311813354492,8.315610519000984,0.011014053667550972,0.11525181300021359,0.0024010794375044497,no_correction_mag_h40_ch10_w0.005_tsfalse,no_correction_mag,42,40,10,0.005,False
1.0,1.0,0.38145695364238413,0.5689655172413793,0,2,5.370621231172848,20.55624497727956,0.028279209757961304,1.7297880791560531,651,4153.776566630965,19.39063009829319,6.38060916401187,0.8622516556291391,0.13361390619279082,1.4875445159782434,0.1530129760503769,1.0657987594604492,156.41577423907455,28.389841079711914,57.389842151879705,22.63652229309082,9.192328408998947,0.012175269415892644,0.14788190499893972,0.0025496880172230984,no_correction_mag_h40_ch6_w0.001_tsfalse,no_correction_mag,42,40,6,0.001,False
1.0,1.0,0.49933774834437084,0.6440677966101694,0,2,8.273696445978807,18.292100904370603,0.028279209757961304,1.628865434523439,697,5056.390998646824,19.16309237585383,7.254506452602877,0.9231788079470199,0.0994839650797354,1.7206014795900006,0.12733609974384308,1.4311904907226562,143.21226087195438,31.97254180908203,47.74759091772363,25.309268951416016,8.969587624000269,0.011880248508609628,0.1499964020003972,0.002542311898311817,no_correction_mag_h40_ch6_w0.002_tsfalse,no_correction_mag,42,40,6,0.002,False
1.0,1.0,0.2370860927152318,0.6458333333333334,0,2,2.311611433383571,21.58369487759504,0.028279209757961304,1.9363186635883525,508,2973.579061448249,19.14925680849884,5.853502086258652,0.6728476821192053,0.21837587611678497,1.6641453360582887,0.22232051193714142,1.201550841331482,218.0935175246135,36.26506805419922,100.33760966581768,37.90311813354492,8.76676817400039,0.011611613475497206,0.1286055500004295,0.0026792822916756145,no_correction_mag_h40_ch6_w0.005_tsfalse,no_correction_mag,42,40,6,0.005,False
1.0,1.0,0.38145695364238413,0.5689655172413793,0,2,5.370621231172848,20.55624497727956,0.028279209757961304,1.7297880791560531,651,4153.776566630965,19.39063009829319,6.38060916401187,0.8622516556291391,0.13361390619279082,1.4875445159782434,0.1530129760503769,1.0657987594604492,156.41577423907455,28.389841079711914,57.389842151879705,22.63652229309082,7.6960101629993005,0.010193390944369935,0.1287015869984316,0.002218992879283303,no_correction_mag_h40_ch8_w0.001_tsfalse,no_correction_mag,42,40,8,0.001,False
1.0,1.0,0.49933774834437084,0.6440677966101694,0,2,8.273696445978807,18.292100904370603,0.028279209757961304,1.628865434523439,697,5056.390998646824,19.16309237585383,7.254506452602877,0.9231788079470199,0.0994839650797354,1.7206014795900006,0.12733609974384308,1.4311904907226562,143.21226087195438,31.97254180908203,47.74759091772363,25.309268951416016,8.958381628999632,0.01186540613112534,0.25782168400110095,0.004369859050866118,no_correction_mag_h40_ch8_w0.002_tsfalse,no_correction_mag,42,40,8,0.002,False
1.0,1.0,0.2370860927152318,0.6458333333333334,0,2,2.311611433383571,21.58369487759504,0.028279209757961304,1.9363186635883525,508,2973.579061448249,19.14925680849884,5.853502086258652,0.6728476821192053,0.21837587611678497,1.6641453360582887,0.22232051193714142,1.201550841331482,218.0935175246135,36.26506805419922,100.33760966581768,37.90311813354492,15.588401544999215,0.020646889463575117,0.1279627009989781,0.0026658896041453772,no_correction_mag_h40_ch8_w0.005_tsfalse,no_correction_mag,42,40,8,0.005,False
1.0,1.0,0.5099337748344371,0.6144578313253012,0,2,7.5603662624310894,31.439949199528208,0.028279209757961304,1.7277105919684386,717,5592.427880388628,17.480200437831503,7.799759943051734,0.9496688741721855,0.08985745396967826,0.9434181757056478,0.0511414110660553,0.6299194097518921,126.64517199608689,9.5459566116333,38.07311144007396,1.9610202312469482,11.622605872998975,0.015394179964237052,0.18226205999962986,0.00219592843373048,no_stability_penalty_h40_ch10_w0.001_tsfalse,no_stability_penalty,42,40,10,0.001,False
1.0,1.0,0.3350993377483444,0.5306122448979592,0,3,4.813428737169666,20.997262297453343,0.028279209757961304,1.8574007818740446,695,4039.5530680013762,18.62395919010965,5.812306570934802,0.9205298013245033,0.1435172150334969,1.2700004247945318,0.16099773347377777,0.7686011791229248,141.27827032623088,36.95450973510742,46.94501205664167,34.539466857910156,9.71704629099986,0.012870259988079285,0.12172110500068811,0.0024841041836875127,no_stability_penalty_h40_ch10_w0.002_tsfalse,no_stability_penalty,42,40,10,0.002,False
1.0,1.0,0.2768211920529801,0.625,0,3,3.4164211194903893,22.383195422245404,0.028279209757961304,1.8187485829305245,628,3515.9160057610093,19.34232156084088,5.598592364248606,0.8317880794701987,0.1585805463802903,1.4874239031104208,0.12308521568775177,0.9700340628623962,170.87340027954943,25.035797119140625,64.79818882884307,16.64671516418457,9.633783180999671,0.012759977723178374,0.14141964899863524,0.0025253508749756293,no_stability_penalty_h40_ch10_w0.005_tsfalse,no_stability_penalty,42,40,10,0.005,False
1.0,1.0,0.5099337748344371,0.6144578313253012,0,2,7.5603662624310894,31.439949199528208,0.028279209757961304,1.7277105919684386,717,5592.427880388628,17.480200437831503,7.799759943051734,0.9496688741721855,0.08985745396967826,0.9434181757056478,0.0511414110660553,0.6299194097518921,126.64517199608689,9.5459566116333,38.07311144007396,1.9610202312469482,8.338075567000487,0.01104380869801389,0.18393647899938514,0.002216102156619098,no_stability_penalty_h40_ch6_w0.001_tsfalse,no_stability_penalty,42,40,6,0.001,False
1.0,1.0,0.3350993377483444,0.5306122448979592,0,3,4.813428737169666,20.997262297453343,0.028279209757961304,1.8574007818740446,695,4039.5530680013762,18.62395919010965,5.812306570934802,0.9205298013245033,0.1435172150334969,1.2700004247945318,0.16099773347377777,0.7686011791229248,141.27827032623088,36.95450973510742,46.94501205664167,34.539466857910156,9.478834539000673,0.012554747733775726,0.15060198299943295,0.0030735098571312847,no_stability_penalty_h40_ch6_w0.002_tsfalse,no_stability_penalty,42,40,6,0.002,False
1.0,1.0,0.2768211920529801,0.625,0,3,3.4164211194903893,22.383195422245404,0.028279209757961304,1.8187485829305245,628,3515.9160057610093,19.34232156084088,5.598592364248606,0.8317880794701987,0.1585805463802903,1.4874239031104208,0.12308521568775177,0.9700340628623962,170.87340027954943,25.035797119140625,64.79818882884307,16.64671516418457,10.454901662000339,0.013847551870199124,0.12151708400051575,0.0021699479285806384,no_stability_penalty_h40_ch6_w0.005_tsfalse,no_stability_penalty,42,40,6,0.005,False
1.0,1.0,0.5099337748344371,0.6144578313253012,0,2,7.5603662624310894,31.439949199528208,0.028279209757961304,1.7277105919684386,717,5592.427880388628,17.480200437831503,7.799759943051734,0.9496688741721855,0.08985745396967826,0.9434181757056478,0.0511414110660553,0.6299194097518921,126.64517199608689,9.5459566116333,38.07311144007396,1.9610202312469482,8.948573510999267,0.011852415246356645,0.17924261599910096,0.002159549590350614,no_stability_penalty_h40_ch8_w0.001_tsfalse,no_stability_penalty,42,40,8,0.001,False
1.0,1.0,0.3350993377483444,0.5306122448979592,0,3,4.813428737169666,20.997262297453343,0.028279209757961304,1.8574007818740446,695,4039.5530680013762,18.62395919010965,5.812306570934802,0.9205298013245033,0.1435172150334969,1.2700004247945318,0.16099773347377777,0.7686011791229248,141.27827032623088,36.95450973510742,46.94501205664167,34.539466857910156,8.794170670000312,0.011647908172185844,0.14003350800157932,0.002857826693909782,no_stability_penalty_h40_ch8_w0.002_tsfalse,no_stability_penalty,42,40,8,0.002,False
1.0,1.0,0.2768211920529801,0.625,0,3,3.4164211194903893,22.383195422245404,0.028279209757961304,1.8187485829305245,628,3515.9160057610093,19.34232156084088,5.598592364248606,0.8317880794701987,0.1585805463802903,1.4874239031104208,0.12308521568775177,0.9700340628623962,170.87340027954943,25.035797119140625,64.79818882884307,16.64671516418457,9.152147752000019,0.012122050002649033,0.14427653799975815,0.002576366749995681,no_stability_penalty_h40_ch8_w0.005_tsfalse,no_stability_penalty,42,40,8,0.005,False
1.0,1.0,0.5668874172185431,0.6338028169014085,0,3,10.031032257047656,25.458856784234026,0.028279209757961304,1.684162789369698,718,6348.915897648049,16.974219768347055,8.84250124923439,0.9509933774834437,0.0730185690795135,1.6806890072030103,0.08135993033647537,0.9094431400299072,132.9721135570609,18.31507682800293,42.612203493117015,9.567291259765625,9.43865976699999,0.012501536115231774,0.14555611299874727,0.002050086098573905,no_velocity_h40_ch10_w0.001_tsfalse,no_velocity,42,40,10,0.001,False
1.0,1.0,0.25298013245033113,0.5531914893617021,0,3,2.8536353739261426,19.078632437305803,0.028279209757961304,1.80257135446244,612,3149.5038222468556,18.21353058351817,5.146248071709806,0.8105960264900662,0.1922942405924398,1.4205012735741147,0.1471143364906311,0.6828291416168213,183.72649134485027,35.017696380615234,70.65890125660228,31.82442283630371,10.022019173000444,0.013274197580133039,0.12829243499982113,0.0027296262765919388,no_velocity_h40_ch10_w0.002_tsfalse,no_velocity,42,40,10,0.002,False
1.0,1.0,0.5920529801324503,0.56,0,3,9.447673559084805,22.349453691204488,0.028279209757961304,1.8774396509016962,708,5050.663795868982,17.704280545374317,7.1337059252937545,0.937748344370861,0.09919378333419299,1.4554412819705305,0.09234731644392014,0.5135713815689087,155.11966909355854,31.68059539794922,50.52496279798204,23.898391723632812,7.763485316001606,0.010282762007949147,0.13078655600111233,0.0026157311200222465,no_velocity_h40_ch10_w0.005_tsfalse,no_velocity,42,40,10,0.005,False
1.0,1.0,0.5668874172185431,0.6338028169014085,0,3,10.031032257047656,25.458856784234026,0.028279209757961304,1.684162789369698,718,6348.915897648049,16.974219768347055,8.84250124923439,0.9509933774834437,0.0730185690795135,1.6806890072030103,0.08135993033647537,0.9094431400299072,132.9721135570609,18.31507682800293,42.612203493117015,9.567291259765625,8.258346624001206,0.01093820744900822,0.1679030289997172,0.0023648313943622143,no_velocity_h40_ch6_w0.001_tsfalse,no_velocity,42,40,6,0.001,False
1.0,1.0,0.25298013245033113,0.5531914893617021,0,3,2.8536353739261426,19.078632437305803,0.028279209757961304,1.80257135446244,612,3149.5038222468556,18.21353058351817,5.146248071709806,0.8105960264900662,0.1922942405924398,1.4205012735741147,0.1471143364906311,0.6828291416168213,183.72649134485027,35.017696380615234,70.65890125660228,31.82442283630371,9.267344047000734,0.012274627876822163,0.16677706399968883,0.0035484481702061452,no_velocity_h40_ch6_w0.002_tsfalse,no_velocity,42,40,6,0.002,False
1.0,1.0,0.5920529801324503,0.56,0,3,9.447673559084805,22.349453691204488,0.028279209757961304,1.8774396509016962,708,5050.663795868982,17.704280545374317,7.1337059252937545,0.937748344370861,0.09919378333419299,1.4554412819705305,0.09234731644392014,0.5135713815689087,155.11966909355854,31.68059539794922,50.52496279798204,23.898391723632812,8.656333122000433,0.011465341883444282,0.11163986800056591,0.0022327973600113184,no_velocity_h40_ch6_w0.005_tsfalse,no_velocity,42,40,6,0.005,False
1.0,1.0,0.5668874172185431,0.6338028169014085,0,3,10.031032257047656,25.458856784234026,0.028279209757961304,1.684162789369698,718,6348.915897648049,16.974219768347055,8.84250124923439,0.9509933774834437,0.0730185690795135,1.6806890072030103,0.08135993033647537,0.9094431400299072,132.9721135570609,18.31507682800293,42.612203493117015,9.567291259765625,8.794574691999514,0.011648443300661608,0.15466199699949357,0.00217833798590836,no_velocity_h40_ch8_w0.001_tsfalse,no_velocity,42,40,8,0.001,False
1.0,1.0,0.25298013245033113,0.5531914893617021,0,3,2.8536353739261426,19.078632437305803,0.028279209757961304,1.80257135446244,612,3149.5038222468556,18.21353058351817,5.146248071709806,0.8105960264900662,0.1922942405924398,1.4205012735741147,0.1471143364906311,0.6828291416168213,183.72649134485027,35.017696380615234,70.65890125660228,31.82442283630371,4.462232948999372,0.005910242316555459,0.06956460999936098,0.0014800980850927868,no_velocity_h40_ch8_w0.002_tsfalse,no_velocity,42,40,8,0.002,False
1.0,1.0,0.5920529801324503,0.56,0,3,9.447673559084805,22.349453691204488,0.028279209757961304,1.8774396509016962,708,5050.663795868982,17.704280545374317,7.1337059252937545,0.937748344370861,0.09919378333419299,1.4554412819705305,0.09234731644392014,0.5135713815689087,155.11966909355854,31.68059539794922,50.52496279798204,23.898391723632812,3.6617013559989573,0.004849935570859546,0.06507736000094155,0.001301547200018831,no_velocity_h40_ch8_w0.005_tsfalse,no_velocity,42,40,8,0.005,False
1.0,1.0,0.2503311258278146,0.5925925925925926,0,2,2.522280742514039,20.51469154535842,0.028279209757961304,1.701842275884254,543,2967.1886652758008,19.499853743674542,5.464435844749867,0.7192052980132451,0.1915184696964276,1.8487968741540566,0.185299813747406,1.1366970539093018,200.04366714840302,30.503454208374023,85.38377732391362,26.87769317626953,4.182576651001,0.005539836623842384,0.07252548900032707,0.0013430646111171679,state_only_h40_ch10_w0.001_tsfalse,state_only,42,40,10,0.001,False
1.0,1.0,0.29271523178807946,0.6153846153846154,0,4,3.429909191938781,25.229448096340274,0.028279209757961304,1.917505167167011,578,3226.562316600273,17.182823479481463,5.582287741611573,0.7655629139072848,0.16128486680544774,1.4549167075451046,0.11985252052545547,0.8223910331726074,175.84167295867627,34.286949157714844,69.0613699803599,26.399093627929688,3.95873006399961,0.005243351078145179,0.0777460509998491,0.0011960930923053709,state_only_h40_ch10_w0.002_tsfalse,state_only,42,40,10,0.002,False
1.0,1.0,0.2052980132450331,0.6078431372549019,0,2,2.0865646564463933,18.583931544885107,0.028279209757961304,1.495918095765179,487,2746.0776568725587,19.034284856951306,5.638763150094021,0.6450331125827815,0.19370373251810485,1.5254258168058732,0.1614241600036621,0.8999667167663574,211.38176115684206,26.979021072387695,91.82868248060194,20.5214786529541,4.092530988000362,0.005420570845033593,0.06900377099918842,0.0013530151176311454,state_only_h40_ch10_w0.005_tsfalse,state_only,42,40,10,0.005,False
1.0,1.0,0.2503311258278146,0.5925925925925926,0,2,2.522280742514039,20.51469154535842,0.028279209757961304,1.701842275884254,543,2967.1886652758008,19.499853743674542,5.464435844749867,0.7192052980132451,0.1915184696964276,1.8487968741540566,0.185299813747406,1.1366970539093018,200.04366714840302,30.503454208374023,85.38377732391362,26.87769317626953,4.552628288998676,0.006029971243706855,0.07146437499977765,0.0013234143518477343,state_only_h40_ch6_w0.001_tsfalse,state_only,42,40,6,0.001,False
1.0,1.0,0.29271523178807946,0.6153846153846154,0,4,3.429909191938781,25.229448096340274,0.028279209757961304,1.917505167167011,578,3226.562316600273,17.182823479481463,5.582287741611573,0.7655629139072848,0.16128486680544774,1.4549167075451046,0.11985252052545547,0.8223910331726074,175.84167295867627,34.286949157714844,69.0613699803599,26.399093627929688,3.9229551070002344,0.005195967029139384,0.08252094800081977,0.0012695530461664581,state_only_h40_ch6_w0.002_tsfalse,state_only,42,40,6,0.002,False
1.0,1.0,0.2052980132450331,0.6078431372549019,0,2,2.0865646564463933,18.583931544885107,0.028279209757961304,1.495918095765179,487,2746.0776568725587,19.034284856951306,5.638763150094021,0.6450331125827815,0.19370373251810485,1.5254258168058732,0.1614241600036621,0.8999667167663574,211.38176115684206,26.979021072387695,91.82868248060194,20.5214786529541,4.232257177000065,0.005605638645033198,0.060084091001044726,0.0011781194313930337,state_only_h40_ch6_w0.005_tsfalse,state_only,42,40,6,0.005,False
1.0,1.0,0.2503311258278146,0.5925925925925926,0,2,2.522280742514039,20.51469154535842,0.028279209757961304,1.701842275884254,543,2967.1886652758008,19.499853743674542,5.464435844749867,0.7192052980132451,0.1915184696964276,1.8487968741540566,0.185299813747406,1.1366970539093018,200.04366714840302,30.503454208374023,85.38377732391362,26.87769317626953,4.129535337000561,0.005469583227815313,0.06489873299869942,0.001201828388864804,state_only_h40_ch8_w0.001_tsfalse,state_only,42,40,8,0.001,False
1.0,1.0,0.29271523178807946,0.6153846153846154,0,4,3.429909191938781,25.229448096340274,0.028279209757961304,1.917505167167011,578,3226.562316600273,17.182823479481463,5.582287741611573,0.7655629139072848,0.16128486680544774,1.4549167075451046,0.11985252052545547,0.8223910331726074,175.84167295867627,34.286949157714844,69.0613699803599,26.399093627929688,4.059907959001066,0.00537736153510075,0.0880712489997677,0.0013549422923041184,state_only_h40_ch8_w0.002_tsfalse,state_only,42,40,8,0.002,False
1.0,1.0,0.2052980132450331,0.6078431372549019,0,2,2.0865646564463933,18.583931544885107,0.028279209757961304,1.495918095765179,487,2746.0776568725587,19.034284856951306,5.638763150094021,0.6450331125827815,0.19370373251810485,1.5254258168058732,0.1614241600036621,0.8999667167663574,211.38176115684206,26.979021072387695,91.82868248060194,20.5214786529541,4.098006538999471,0.005427823230462875,0.06726510200132907,0.001318923568653511,state_only_h40_ch8_w0.005_tsfalse,state_only,42,40,8,0.005,False
1.0,1.0,0.5311258278145695,0.5957446808510638,0,2,8.823186250920157,21.82354659074644,0.028911147594257308,1.8886363279130565,696,5557.319554543637,19.482390107733014,7.984654530708845,0.9218543046357616,0.10484332909768473,1.7997667138481113,0.08881774544715881,0.4591601490974426,146.03786103630262,32.70109558105469,47.751164003007354,26.638797760009766,4.041664779999337,0.005353198384105082,0.05546726799911994,0.0011801546382791477,temp_30_h40_ch10_w0.001_tsfalse,temp_30,42,40,10,0.001,False
1.0,1.0,0.528476821192053,0.5684210526315789,0,2,8.53337077474119,29.542086950322837,0.028279209757961304,1.6823975392610055,706,5782.70606004896,17.47901373350021,8.190801781960563,0.9350993377483444,0.08262592807658979,0.9270848094246692,0.04476021230220795,0.46780550479888916,127.61205829421138,13.017428398132324,37.86930582001986,3.3642711639404297,3.860351332999926,0.00511304812317871,0.09860288100026082,0.0010379250631606402,temp_30_h40_ch10_w0.002_tsfalse,temp_30,42,40,10,0.002,False
1.0,1.0,0.6437086092715232,0.603448275862069,0,2,10.854646956410443,24.43698872606224,0.028279209757961304,1.8584051073895462,716,6598.585386941374,17.370374308710964,9.215901377859273,0.9483443708609272,0.08013098367178802,1.7445237752789873,0.06832198053598404,0.6283262968063354,148.54938626604118,17.568052291870117,47.99225440113613,8.15650463104248,4.131121792999693,0.005471684494039329,0.07610761700016155,0.0013122002931062336,temp_30_h40_ch10_w0.005_tsfalse,temp_30,42,40,10,0.005,False
1.0,1.0,0.5311258278145695,0.5957446808510638,0,2,8.823186250920157,21.82354659074644,0.028911147594257308,1.8886363279130565,696,5557.319554543637,19.482390107733014,7.984654530708845,0.9218543046357616,0.10484332909768473,1.7997667138481113,0.08881774544715881,0.4591601490974426,146.03786103630262,32.70109558105469,47.751164003007354,26.638797760009766,3.9361406190000707,0.005213431283443802,0.06562276400109113,0.0013962290212998112,temp_30_h40_ch6_w0.001_tsfalse,temp_30,42,40,6,0.001,False
1.0,1.0,0.528476821192053,0.5684210526315789,0,2,8.53337077474119,29.542086950322837,0.028279209757961304,1.6823975392610055,706,5782.70606004896,17.47901373350021,8.190801781960563,0.9350993377483444,0.08262592807658979,0.9270848094246692,0.04476021230220795,0.46780550479888916,127.61205829421138,13.017428398132324,37.86930582001986,3.3642711639404297,3.738884484000664,0.004952164879471079,0.14466737899965665,0.0015228145157858595,temp_30_h40_ch6_w0.002_tsfalse,temp_30,42,40,6,0.002,False
1.0,1.0,0.6437086092715232,0.603448275862069,0,2,10.854646956410443,24.43698872606224,0.028279209757961304,1.8584051073895462,716,6598.585386941374,17.370374308710964,9.215901377859273,0.9483443708609272,0.08013098367178802,1.7445237752789873,0.06832198053598404,0.6283262968063354,148.54938626604118,17.568052291870117,47.99225440113613,8.15650463104248,3.6949999919997936,0.004894039724503038,0.07136301599894068,0.0012303968275679427,temp_30_h40_ch6_w0.005_tsfalse,temp_30,42,40,6,0.005,False
1.0,1.0,0.5311258278145695,0.5957446808510638,0,2,8.823186250920157,21.82354659074644,0.028911147594257308,1.8886363279130565,696,5557.319554543637,19.482390107733014,7.984654530708845,0.9218543046357616,0.10484332909768473,1.7997667138481113,0.08881774544715881,0.4591601490974426,146.03786103630262,32.70109558105469,47.751164003007354,26.638797760009766,3.9775494539990177,0.0052682774225152555,0.062305476998517406,0.0013256484467769661,temp_30_h40_ch8_w0.001_tsfalse,temp_30,42,40,8,0.001,False
1.0,1.0,0.528476821192053,0.5684210526315789,0,2,8.53337077474119,29.542086950322837,0.028279209757961304,1.6823975392610055,706,5782.70606004896,17.47901373350021,8.190801781960563,0.9350993377483444,0.08262592807658979,0.9270848094246692,0.04476021230220795,0.46780550479888916,127.61205829421138,13.017428398132324,37.86930582001986,3.3642711639404297,3.8233314389999578,0.005064015150993322,0.09659217099942907,0.0010167596947308324,temp_30_h40_ch8_w0.002_tsfalse,temp_30,42,40,8,0.002,False
1.0,1.0,0.6437086092715232,0.603448275862069,0,2,10.854646956410443,24.43698872606224,0.028279209757961304,1.8584051073895462,716,6598.585386941374,17.370374308710964,9.215901377859273,0.9483443708609272,0.08013098367178802,1.7445237752789873,0.06832198053598404,0.6283262968063354,148.54938626604118,17.568052291870117,47.99225440113613,8.15650463104248,3.877158760000384,0.005135309615894548,0.07399668099969858,0.0012758048448223893,temp_30_h40_ch8_w0.005_tsfalse,temp_30,42,40,8,0.005,False
1.0,1.0,0.4503311258278146,0.603448275862069,0,3,6.868986695653691,23.500290889314428,0.028279209757961304,1.8490558226491751,685,4547.388033587171,18.592942127396945,6.638522675352191,0.9072847682119205,0.1216380803089704,1.4987045456136852,0.09796743094921112,0.8427734375,153.5835755800416,22.356151580810547,54.296248105588504,12.336017608642578,3.919827293000708,0.00519182422914001,0.06714359000034165,0.0011576481034541663,w_correction_10_h40_ch10_w0.001_tsfalse,w_correction_10,42,40,10,0.001,False
1.0,1.0,0.2675496688741722,0.6,0,4,3.104206880877419,24.384669321364246,0.028279209757961304,1.8746536134078482,636,3345.8681811220763,18.36584068383791,5.260799022731251,0.8423841059602649,0.1696434280545696,1.5750158595016495,0.13297340273857117,1.1430530548095703,162.60652878713523,28.391672134399414,61.009569006112926,20.639677047729492,4.10492943600002,0.005436992630463603,0.07749595499990392,0.0011922454615369833,w_correction_10_h40_ch10_w0.002_tsfalse,w_correction_10,42,40,10,0.002,False
1.0,1.0,0.4384105960264901,0.5283018867924528,0,3,6.482569407907002,20.90417423070885,0.028279209757961304,1.9099689730956804,696,4390.60598526779,19.352211415400383,6.308341932147947,0.9218543046357616,0.12319924958167768,1.5018220888954354,0.13704031705856323,0.8361985683441162,155.7419686705186,34.395015716552734,52.97714660813013,28.900131225585938,3.79361146500014,0.005024650947020053,0.0751936789984029,0.0014187486603472247,w_correction_10_h40_ch10_w0.005_tsfalse,w_correction_10,42,40,10,0.005,False
1.0,1.0,0.4503311258278146,0.603448275862069,0,3,6.868986695653691,23.500290889314428,0.028279209757961304,1.8490558226491751,685,4547.388033587171,18.592942127396945,6.638522675352191,0.9072847682119205,0.1216380803089704,1.4987045456136852,0.09796743094921112,0.8427734375,153.5835755800416,22.356151580810547,54.296248105588504,12.336017608642578,3.9010915409999143,0.0051670086635760455,0.07035717899998417,0.0012130548103445548,w_correction_10_h40_ch6_w0.001_tsfalse,w_correction_10,42,40,6,0.001,False
1.0,1.0,0.2675496688741722,0.6,0,4,3.104206880877419,24.384669321364246,0.028279209757961304,1.8746536134078482,636,3345.8681811220763,18.36584068383791,5.260799022731251,0.8423841059602649,0.1696434280545696,1.5750158595016495,0.13297340273857117,1.1430530548095703,162.60652878713523,28.391672134399414,61.009569006112926,20.639677047729492,3.951565211000343,0.005233861206622971,0.108654003999618,0.0016716000615325847,w_correction_10_h40_ch6_w0.002_tsfalse,w_correction_10,42,40,6,0.002,False
1.0,1.0,0.4384105960264901,0.5283018867924528,0,3,6.482569407907002,20.90417423070885,0.028279209757961304,1.9099689730956804,696,4390.60598526779,19.352211415400383,6.308341932147947,0.9218543046357616,0.12319924958167768,1.5018220888954354,0.13704031705856323,0.8361985683441162,155.7419686705186,34.395015716552734,52.97714660813013,28.900131225585938,3.961101652999787,0.005246492255628857,0.06574356899909617,0.001240444698096154,w_correction_10_h40_ch6_w0.005_tsfalse,w_correction_10,42,40,6,0.005,False
1.0,1.0,0.4503311258278146,0.603448275862069,0,3,6.868986695653691,23.500290889314428,0.028279209757961304,1.8490558226491751,685,4547.388033587171,18.592942127396945,6.638522675352191,0.9072847682119205,0.1216380803089704,1.4987045456136852,0.09796743094921112,0.8427734375,153.5835755800416,22.356151580810547,54.296248105588504,12.336017608642578,3.843247925000469,0.005090394602649628,0.06785357100125111,0.0011698891551939847,w_correction_10_h40_ch8_w0.001_tsfalse,w_correction_10,42,40,8,0.001,False
1.0,1.0,0.2675496688741722,0.6,0,4,3.104206880877419,24.384669321364246,0.028279209757961304,1.8746536134078482,636,3345.8681811220763,18.36584068383791,5.260799022731251,0.8423841059602649,0.1696434280545696,1.5750158595016495,0.13297340273857117,1.1430530548095703,162.60652878713523,28.391672134399414,61.009569006112926,20.639677047729492,4.19933662800031,0.005562035268874583,0.08267015800083755,0.00127184858462827,w_correction_10_h40_ch8_w0.002_tsfalse,w_correction_10,42,40,8,0.002,False
1.0,1.0,0.4384105960264901,0.5283018867924528,0,3,6.482569407907002,20.90417423070885,0.028279209757961304,1.9099689730956804,696,4390.60598526779,19.352211415400383,6.308341932147947,0.9218543046357616,0.12319924958167768,1.5018220888954354,0.13704031705856323,0.8361985683441162,155.7419686705186,34.395015716552734,52.97714660813013,28.900131225585938,3.979827720000685,0.005271294993378391,0.06834635800078104,0.0012895539245430384,w_correction_10_h40_ch8_w0.005_tsfalse,w_correction_10,42,40,8,0.005,False
